rank,artist,title,weeks,start,end,ongoing,total_top10_weeks,best_rank_in_streak,runs,begins_at_chart_start
1,Mrs.GREEN APPLE,ライラック,128,2024-04-24,2026-09-30,True,128,1,1,False
2,Official髭男dism,Pretender,76,2019-05-15,2020-10-21,False,76,1,1,False
3,あいみょん,マリーゴールド,75,2018-08-15,2020-01-15,False,76,1,2,False
3,YOASOBI,夜に駆ける,75,2020-04-22,2021-09-22,False,80,1,4,False
3,優里,ドライフラワー,75,2020-11-18,2022-04-20,False,80,1,4,False
6,King Gnu,白日,70,2019-03-06,2020-07-01,False,73,1,3,False
7,BTS,Dynamite,69,2020-08-26,2021-12-15,False,70,1,2,False
8,Tani Yuuki,W / X / Y,61,2022-03-02,2023-04-26,False,61,1,1,False
9,DAOKO × 米津玄師,打上花火,60,2017-10-04,2018-11-21,False,63,1,2,True
10,YOASOBI,アイドル,59,2023-04-19,2024-05-29,False,59,1,1,False
11,米津玄師,IRIS OUT,54,2025-09-24,2026-09-30,True,54,1,1,False
12,Creepy Nuts,Bling-Bang-Bang-Born,51,2024-01-24,2025-01-08,False,51,1,1,False
13,Official髭男dism,宿命,48,2019-07-17,2020-06-10,False,48,2,1,False
14,HANA,Blue Jeans,46,2025-07-23,2026-06-03,False,47,1,2,False
15,Vaundy,怪獣の花唄,44,2023-01-11,2023-11-08,False,68,2,4,False
16,菅田将暉,まちがいさがし,43,2019-06-12,2020-04-01,False,43,2,1,False
17,Official髭男dism,Subtitle,41,2022-10-19,2023-07-26,False,50,1,4,False
17,M!LK,好きすぎて滅!,41,2025-12-24,2026-09-30,True,44,2,3,False
19,tuki.,晩餐歌,39,2023-11-15,2024-08-07,False,40,1,2,False
20,あいみょん,君はロックを聴かない,38,2018-10-17,2019-07-03,False,41,3,4,False
21,Official髭男dism,イエスタデイ,37,2019-09-25,2020-06-03,False,37,2,1,False
21,優里,ベテルギウス,37,2021-11-17,2022-07-27,False,37,1,1,False
23,DA PUMP,U.S.A.,36,2018-06-13,2019-02-13,False,36,1,1,False
23,Omoinotake,幾億光年,36,2024-02-21,2024-10-23,False,44,2,3,False
25,Ado,新時代 (ウタ from ONE PIECE FILM RED),35,2022-06-22,2023-02-15,False,38,1,2,False
26,Official髭男dism,ノーダウト,34,2019-05-29,2020-01-15,False,43,3,4,False
26,マカロニえんぴつ,なんでもないよ、,34,2021-11-24,2022-07-13,False,34,1,1,False
28,あいみょん,今夜このまま,33,2018-10-31,2019-06-12,False,33,1,1,False
28,LiSA,紅蓮華,33,2019-11-20,2020-07-01,False,50,4,5,False
28,BTS,Butter,33,2021-05-26,2022-01-05,False,33,1,1,False
28,HANA,ROSE,33,2025-04-09,2025-11-19,False,53,2,4,False
32,YOASOBI,怪物,31,2021-01-20,2021-08-18,False,41,2,6,False
32,Official髭男dism,Cry Baby,31,2021-06-30,2022-01-26,False,33,2,2,False
34,NiziU,Make you happy,29,2020-07-08,2021-01-20,False,29,1,1,False
34,back number,水平線,29,2021-08-25,2022-03-09,False,33,1,3,False
34,Saucy Dog,シンデレラボーイ,29,2022-02-02,2022-08-17,False,34,3,4,False
37,Official髭男dism,I LOVE...,28,2020-01-29,2020-08-05,False,36,1,2,False
37,瑛人,香水,28,2020-05-06,2020-11-11,False,28,1,1,False
37,米津玄師,KICK BACK,28,2022-10-19,2023-04-26,False,28,1,1,False
37,King Gnu,SPECIALZ,28,2023-09-06,2024-03-13,False,28,1,1,False
37,Ado,唱,28,2023-09-20,2024-03-27,False,28,1,1,False
42,Mrs.GREEN APPLE,ケセラセラ,27,2024-05-08,2024-11-06,False,100,6,7,False
42,Mrs.GREEN APPLE,クスシキ,27,2025-04-16,2025-10-15,False,27,1,1,False
44,エド・シーラン,シェイプ・オブ・ユー,26,2018-03-21,2018-09-12,False,53,2,7,False
44,Mr.Children,HANABI,26,2018-05-16,2018-11-07,False,26,1,1,False
44,Mrs.GREEN APPLE,ダーリン,26,2025-01-29,2025-07-23,False,37,1,4,False
47,あいみょん,愛を伝えたいだとか,25,2018-10-24,2019-04-10,False,27,4,2,False
47,Official髭男dism,ミックスナッツ,25,2022-04-27,2022-10-12,False,42,1,3,False
47,ロゼ & ブルーノ・マーズ,APT.,25,2024-11-06,2025-04-23,False,25,1,1,False
50,菅田将暉,さよならエレジー,23,2018-02-28,2018-08-01,False,23,1,1,False
50,あいみょん,裸の心,23,2020-06-24,2020-11-25,False,23,3,1,False
50,LiSA,炎,23,2020-10-21,2021-03-24,False,23,1,1,False
50,Aimer(エメ),残響散歌,23,2021-12-15,2022-05-18,False,23,1,1,False
54,BTS,Permission to Dance,22,2021-07-14,2021-12-08,False,22,1,1,False
54,Mrs.GREEN APPLE,Soranji,22,2024-12-11,2025-05-07,False,36,5,5,False
56,キタニタツヤ,青のすみか,21,2023-07-19,2023-12-06,False,22,2,2,False
56,シャイトープ,ランデヴー,21,2023-09-06,2024-01-24,False,21,3,1,False
56,Mrs.GREEN APPLE,ビターバカンス,21,2024-12-04,2025-04-23,False,21,2,1,False
59,SEKAI NO OWARI,Habit,20,2022-05-18,2022-09-28,False,23,2,2,False
59,スピッツ,美しい鰭,20,2023-04-19,2023-08-30,False,20,2,1,False
59,King Gnu,AIZO,20,2026-01-21,2026-06-03,False,20,2,1,False
59,Mrs.GREEN APPLE,lulu.,20,2026-01-21,2026-06-03,False,23,1,2,False
63,YOASOBI,勇者,19,2023-10-11,2024-02-14,False,19,4,1,False
63,Creepy Nuts,オトノケ,19,2024-10-16,2025-02-19,False,19,1,1,False
65,YOASOBI,群青,18,2021-01-20,2021-05-19,False,24,7,4,False
65,なとり,Overdose,18,2022-09-28,2023-01-25,False,23,2,2,False
65,サカナクション,怪獣,18,2025-02-26,2025-06-25,False,18,2,1,False
68,百足 & 韻マン,君のまま,17,2023-03-01,2023-06-21,False,17,2,1,False
68,Jung Kook,Seven (feat. Latto),17,2023-07-26,2023-11-15,False,18,2,2,False
68,サカナクション,夜の踊り子,17,2026-05-13,2026-09-02,False,17,1,1,False
71,あいみょん,ハルノヒ,16,2019-04-10,2019-07-24,False,17,3,2,False
71,Foorin,パプリカ,16,2019-06-19,2019-10-02,False,23,7,4,False
71,Official髭男dism,115万キロのフィルム,16,2020-02-05,2020-05-20,False,35,7,5,False
71,Ado,うっせぇわ,16,2021-01-27,2021-05-12,False,16,2,1,False
71,Awesome City Club,勿忘,16,2021-02-17,2021-06-02,False,16,2,1,False
71,Ado,私は最強 (ウタ from ONE PIECE FILM RED),16,2022-08-17,2022-11-30,False,16,2,1,False
71,ILLIT,Magnetic,16,2024-04-03,2024-07-17,False,16,2,1,False
71,M!LK,爆裂愛してる,16,2026-02-18,2026-06-03,False,28,1,3,False
71,ILLIT,It's Me,16,2026-06-17,2026-09-30,True,19,3,2,False
80,TWICE,TT,15,2017-12-06,2018-03-14,False,15,2,1,False
80,ONE OK ROCK,Change,15,2018-02-21,2018-05-30,False,21,2,3,False
80,TWICE,What is Love?,15,2018-04-18,2018-07-25,False,16,1,2,False
80,Eve,廻廻奇譚,15,2020-12-30,2021-04-07,False,18,6,3,False
80,Mrs.GREEN APPLE,青と夏,15,2025-06-25,2025-10-01,False,58,5,9,False
85,MISIA,アイノカタチ feat.HIDE(GReeeeN),14,2018-08-29,2018-11-28,False,21,2,2,False
85,米津玄師,感電,14,2020-08-12,2020-11-11,False,14,2,1,False
85,10-FEET,第ゼロ感,14,2023-01-18,2023-04-19,False,14,4,1,False
85,Vaundy,タイムパラドックス,14,2024-03-13,2024-06-12,False,14,4,1,False
85,Mrs.GREEN APPLE,familie,14,2024-08-21,2024-11-20,False,17,2,2,False
85,"米津玄師, 宇多田ヒカル",JANE DOE,14,2025-10-01,2025-12-31,False,14,2,1,False
91,安室奈美恵,Hero,13,2017-12-06,2018-02-28,False,14,1,2,False
91,菅田将暉,虹,13,2020-11-25,2021-02-17,False,13,4,1,False
91,King Gnu,一途,13,2021-12-22,2022-03-16,False,13,1,1,False
91,back number,新しい恋人達に,13,2024-07-24,2024-10-16,False,13,2,1,False
91,アイナ・ジ・エンド,革命道中,13,2025-08-27,2025-11-19,False,22,3,3,False
91,EBiDAN,"Yes! 東京 (feat. 超特急,M!LK,SUPER★DRAGON,Sakurashimeji,ONE N' ONLY,原因は自分にある。,BUDDiiS,ICEx,Lienel)",13,2026-07-08,2026-09-30,True,13,1,1,False
97,荻野目洋子,ダンシング・ヒーロー,12,2017-12-06,2018-02-21,False,12,3,1,False
97,藤井風,きらり,12,2021-08-11,2021-10-27,False,23,7,4,False
97,King Gnu,逆夢,12,2022-01-05,2022-03-23,False,12,1,1,False
97,MAN WITH A MISSION×milet,絆ノ奇跡,12,2023-04-26,2023-07-12,False,12,5,1,False
97,Official髭男dism,TATTOO,12,2023-05-03,2023-07-19,False,12,4,1,False
97,Mrs.GREEN APPLE,Magic,12,2023-06-28,2023-09-13,False,14,4,2,False
97,AKASAKI,Bunny Girl,12,2024-10-16,2025-01-01,False,12,4,1,False
97,Mrs.GREEN APPLE,breakfast,12,2025-06-11,2025-08-27,False,12,1,1,False
105,TWICE,YES or YES,11,2018-11-14,2019-01-23,False,15,2,2,False
105,クイーン,ボヘミアン・ラプソディ,11,2018-11-28,2019-02-06,False,11,4,1,False
105,Ado,踊,11,2021-05-12,2021-07-21,False,12,7,2,False
105,Ado,ウタカタララバイ (ウタ from ONE PIECE FILM RED),11,2022-08-17,2022-10-26,False,11,3,1,False
105,YOASOBI,祝福,11,2022-10-12,2022-12-21,False,11,6,1,False
105,Da-iCE,I wonder,11,2024-06-12,2024-08-21,False,11,4,1,False
105,こっちのけんと,はいよろこんで,11,2024-08-14,2024-10-23,False,16,6,3,False
105,Mrs.GREEN APPLE,Brand New,11,2026-07-22,2026-09-30,True,11,1,1,False
113,欅坂46,ガラスを割れ!,10,2018-03-14,2018-05-16,False,10,1,1,False
113,ONE OK ROCK,Stand Out Fit In,10,2019-01-30,2019-04-03,False,15,3,2,False
113,平井大,"Stand by me, Stand by you.",10,2020-10-21,2020-12-23,False,11,6,2,False
113,Novelbright,愛とか恋とか,10,2022-06-08,2022-08-10,False,10,7,1,False
113,Ado,逆光 (ウタ from ONE PIECE FILM RED),10,2022-08-17,2022-10-19,False,10,2,1,False
113,Tani Yuuki,もう一度,10,2022-10-05,2022-12-07,False,10,7,1,False
113,MY FIRST STORY,I'm a mess,10,2023-08-23,2023-10-25,False,13,5,2,False
113,back number,ブルーアンバー,10,2025-05-07,2025-07-09,False,12,7,3,False
121,Nissy(西島隆弘),トリコ,9,2018-09-26,2018-11-21,False,10,2,2,False
121,King Gnu,Teenager Forever,9,2020-01-15,2020-03-11,False,10,3,2,False
121,King Gnu,カメレオン,9,2022-03-09,2022-05-04,False,9,1,1,False
121,NewJeans,Ditto,9,2023-01-18,2023-03-15,False,10,4,2,False
121,Mrs.GREEN APPLE,コロンブス,9,2024-06-19,2024-08-14,False,9,4,1,False
126,aespa,Whiplash,8,2024-11-06,2024-12-25,False,8,4,1,False
126,HANA,Burning Flower,8,2025-06-18,2025-08-06,False,8,4,1,False
126,HANA,NON STOP,8,2025-12-17,2026-02-04,False,9,2,2,False
129,GENERATIONS from EXILE TRIBE,BIG CITY RODEO,7,2017-11-01,2017-12-13,False,8,4,2,False
129,ONE OK ROCK,Wherever you are,7,2017-11-01,2017-12-13,False,10,5,2,False
129,欅坂46,風に吹かれても,7,2017-11-01,2017-12-13,False,11,4,2,False
129,乃木坂46,シンクロニシティ,7,2018-04-25,2018-06-06,False,8,3,2,False
129,ONE OK ROCK,Wasted Nights,7,2019-04-24,2019-06-05,False,11,5,2,False
129,米津玄師,Lemon,7,2020-08-12,2020-09-23,False,7,4,1,False
129,NiziU,Step and a step,7,2020-12-02,2021-01-13,False,7,3,1,False
129,back number,アイラブユー,7,2023-01-25,2023-03-08,False,8,5,2,False
129,LE SSERAFIM,Perfect Night,7,2023-11-08,2023-12-20,False,8,6,2,False
129,MISAMO,NEW LOOK,7,2024-10-23,2024-12-04,False,7,4,1,False
129,米津玄師,烏,7,2026-06-24,2026-08-05,False,7,1,1,False
140,Mrs.GREEN APPLE,WanteD! WanteD!,6,2017-10-04,2017-11-08,False,6,3,1,True
140,AAA,LIFE,6,2017-10-25,2017-11-29,False,8,7,2,False
140,TWICE,One More Time,6,2017-10-25,2017-11-29,False,6,3,1,False
140,TWICE,Candy Pop,6,2018-02-14,2018-03-21,False,6,1,1,False
140,西野カナ,アイラブユー,6,2018-04-25,2018-05-30,False,6,1,1,False
140,BLACKPINK,DDU-DU DDU-DU,6,2018-06-27,2018-08-01,False,6,1,1,False
140,TWICE,Dance The Night Away,6,2018-07-18,2018-08-22,False,7,2,2,False
140,BTS (防弾少年団),Boy With Luv (feat. Halsey),6,2019-04-17,2019-05-22,False,6,2,1,False
140,TWICE,FANCY,6,2019-05-01,2019-06-05,False,7,2,2,False
140,YOASOBI,ハルジオン,6,2020-05-27,2020-07-01,False,7,8,2,False
140,yama,春を告げる,6,2020-05-27,2020-07-01,False,6,7,1,False
140,NiziU,Take a picture,6,2021-04-07,2021-05-12,False,6,1,1,False
140,YOASOBI,もう少しだけ,6,2021-05-19,2021-06-23,False,6,4,1,False
140,back number,怪盗,6,2021-06-02,2021-07-07,False,6,2,1,False
140,INI,CALL 119,6,2022-03-30,2022-05-04,False,6,1,1,False
140,NAYEON,POP!,6,2022-07-06,2022-08-10,False,6,5,1,False
140,緑黄色社会,花になって,6,2023-12-27,2024-01-31,False,6,7,1,False
140,SPYAIR,オレンジ,6,2024-02-28,2024-04-03,False,6,6,1,False
140,Official髭男dism,Same Blue,6,2024-10-16,2024-11-20,False,6,4,1,False
140,米津玄師,Plazma,6,2025-01-29,2025-03-05,False,6,3,1,False
140,米津玄師,BOW AND ARROW,6,2025-03-12,2025-04-16,False,10,7,2,False
140,Mrs.GREEN APPLE,天国,6,2025-05-14,2025-06-18,False,6,1,1,False
140,HANA,BAD LOVE,6,2025-09-17,2025-10-22,False,6,1,1,False
140,嵐,Five,6,2026-06-03,2026-07-08,False,11,1,2,False
164,TWICE,LIKEY,5,2017-11-08,2017-12-06,False,5,2,1,False
164,SHISHAMO,明日も,5,2018-01-10,2018-02-07,False,5,5,1,False
164,SEKAI NO OWARI,サザンカ,5,2018-02-14,2018-03-14,False,5,2,1,False
164,E-girls,"Pain, pain",5,2018-03-07,2018-04-04,False,5,5,1,False
164,キアラ・セトル & ザ・グレイテスト・ショーマン・アンサンブル,ディス・イズ・ミー,5,2018-03-21,2018-04-18,False,5,6,1,False
164,BTS (防弾少年団),FAKE LOVE,5,2018-05-30,2018-06-27,False,5,1,1,False
164,TWICE,BDZ,5,2018-09-12,2018-10-10,False,6,3,2,False
164,あいみょん,真夏の夜の匂いがする,5,2019-07-31,2019-08-28,False,5,8,1,False
164,あいみょん,空の青さを知る人よ,5,2019-10-09,2019-11-06,False,6,8,2,False
164,back number,クリスマスソング,5,2019-12-04,2020-01-01,False,19,7,7,False
164,King Gnu,どろん,5,2020-02-26,2020-03-25,False,6,5,2,False
164,SEKAI NO OWARI,silent,5,2020-12-09,2021-01-06,False,5,5,1,False
164,米津玄師,Pale Blue,5,2021-06-09,2021-07-07,False,5,2,1,False
164,YOASOBI,三原色,5,2021-07-14,2021-08-11,False,5,2,1,False
164,ザ・キッド・ラロイxジャスティン・ビーバー,ステイ,5,2021-09-01,2021-09-29,False,6,8,2,False
164,Mrs.GREEN APPLE,ダンスホール,5,2022-07-20,2022-08-17,False,17,4,7,False
164,Ado,Tot Musica (ウタ from ONE PIECE FILM RED),5,2022-08-24,2022-09-21,False,5,5,1,False
164,優里,ビリミリオン,5,2023-04-05,2023-05-03,False,7,4,3,False
164,藤井風,満ちてゆく,5,2024-03-27,2024-04-24,False,5,4,1,False
164,Mrs.GREEN APPLE,Dear,5,2024-05-29,2024-06-26,False,5,8,1,False
164,timelesz,Rock this Party,5,2025-03-05,2025-04-02,False,5,4,1,False
164,King Gnu,TWILIGHT!!!,5,2025-04-30,2025-05-28,False,5,4,1,False
164,清水翔太,PUZZLE,5,2025-04-30,2025-05-28,False,5,9,1,False
164,Mrs.GREEN APPLE,夏の影,5,2025-08-20,2025-09-17,False,5,3,1,False
164,Mrs.GREEN APPLE,GOOD DAY,5,2025-10-08,2025-11-05,False,5,5,1,False
164,HANA,My Body,5,2025-10-22,2025-11-19,False,5,4,1,False
164,米津玄師,1991,5,2025-10-22,2025-11-19,False,5,3,1,False
164,BTS,SWIM,5,2026-04-01,2026-04-29,False,5,8,1,False
164,スピッツ,見知らぬ糸,5,2026-08-26,2026-09-23,False,5,7,1,False
193,テイラー・スウィフト,ルック・ホワット・ユー・メイド・ミー・ドゥ〜私にこんなマネ、させるなんて,4,2017-10-04,2017-10-25,False,4,5,1,True
193,クリス・ハート,I LOVE YOU,4,2017-12-13,2018-01-03,False,7,1,3,False
193,欅坂46,不協和音,4,2018-01-10,2018-01-31,False,4,4,1,False
193,星野源,ドラえもん,4,2018-03-07,2018-03-28,False,4,1,1,False
193,ヒュー・ジャックマン、キアラ・セトル、ザック・エフロン、ゼンデイヤ & ザ・グレイテスト・ショーマン・アンサンブル,ザ・グレイテスト・ショー,4,2018-03-21,2018-04-11,False,4,8,1,False
193,欅坂46,アンビバレント,4,2018-08-22,2018-09-12,False,4,3,1,False
193,BTS (防弾少年団),IDOL,4,2018-09-05,2018-09-26,False,4,2,1,False
193,西野カナ,Bedtime Story,4,2018-10-03,2018-10-24,False,4,5,1,False
193,乃木坂46,帰り道は遠回りしたくなる,4,2018-11-14,2018-12-05,False,8,4,2,False
193,back number,ハッピーエンド,4,2019-03-27,2019-04-17,False,4,5,1,False
193,BLACKPINK,Kill This Love,4,2019-04-10,2019-05-01,False,4,2,1,False
193,サカナクション,忘れられないの,4,2019-06-26,2019-07-17,False,4,5,1,False
193,Uru,あなたがいることで,4,2020-04-01,2020-04-22,False,4,6,1,False
193,Official髭男dism,パラボラ,4,2020-04-22,2020-05-13,False,4,5,1,False
193,Tani Yuuki,Myra,4,2020-07-15,2020-08-05,False,4,5,1,False
193,TWICE,I CAN'T STOP ME,4,2020-11-04,2020-11-25,False,4,5,1,False
193,BE:FIRST,Gifted.,4,2021-11-10,2021-12-01,False,4,1,1,False
193,Kep1er,WA DA DA,4,2022-01-19,2022-02-09,False,4,8,1,False
193,BE:FIRST,Bye-Good-Bye,4,2022-03-16,2022-04-06,False,6,1,2,False
193,IVE,LOVE DIVE,4,2022-04-20,2022-05-11,False,4,2,1,False
193,米津玄師,M八七,4,2022-05-25,2022-06-15,False,4,4,1,False
193,BTS,Yet To Come (The Most Beautiful Moment),4,2022-06-15,2022-07-06,False,4,1,1,False
193,宇多田ヒカル,First Love,4,2022-12-14,2023-01-04,False,5,3,2,False
193,NewJeans,OMG,4,2023-02-22,2023-03-15,False,7,7,2,False
193,NewJeans,Super Shy,4,2023-07-19,2023-08-09,False,4,7,1,False
193,Mrs.GREEN APPLE,ナハトムジーク,4,2024-01-31,2024-02-21,False,4,6,1,False
193,aiko,相思相愛,4,2024-05-01,2024-05-22,False,4,7,1,False
193,櫻坂46,自業自得,4,2024-06-12,2024-07-03,False,4,5,1,False
193,米津玄師,がらくた,4,2024-09-04,2024-09-25,False,4,5,1,False
193,Mrs.GREEN APPLE,Carrying Happiness,4,2025-07-30,2025-08-20,False,4,5,1,False
193,Mrs.GREEN APPLE,風と町,4,2026-04-22,2026-05-13,False,4,3,1,False
224,BTS (防弾少年団),DNA,3,2017-10-04,2017-10-18,False,3,4,1,True
224,SEKAI NO OWARI,RAIN,3,2017-10-04,2017-10-18,False,4,4,2,True
224,ルイス・フォンシ & ダディー・ヤンキー,デスパシート feat.ジャスティン・ビーバー,3,2017-10-04,2017-10-18,False,3,6,1,True
224,乃木坂46,いつかできるから今日できる,3,2017-10-04,2017-10-18,False,3,5,1,True
224,ちゃんみな,CHOCOLATE,3,2017-11-15,2017-11-29,False,3,4,1,False
224,スピッツ,楓,3,2017-12-20,2018-01-03,False,4,1,2,False
224,PANDORA feat.Beverly,Be The One,3,2018-01-31,2018-02-14,False,3,4,1,False
224,清水翔太,My Boo,3,2018-01-31,2018-02-14,False,4,3,2,False
224,サカナクション,新宝島,3,2018-04-04,2018-04-18,False,3,6,1,False
224,BTS (防弾少年団),Don't Leave Me,3,2018-04-11,2018-04-25,False,4,7,2,False
224,三代目 J Soul Brothers from EXILE TRIBE,恋と愛,3,2018-06-13,2018-06-27,False,5,5,2,False
224,TWICE,I WANT YOU BACK,3,2018-08-08,2018-08-22,False,5,5,2,False
224,あいみょん,満月の夜なら,3,2019-02-20,2019-03-06,False,3,8,1,False
224,欅坂46,黒い羊,3,2019-03-06,2019-03-20,False,3,5,1,False
224,エド・シーラン & ジャスティン・ビーバー,アイ・ドント・ケア,3,2019-05-22,2019-06-05,False,3,6,1,False
224,King Gnu,飛行艇,3,2019-08-21,2019-09-04,False,6,8,3,False
224,milet,us,3,2019-09-04,2019-09-18,False,3,7,1,False
224,TWICE,Feel Special,3,2019-10-02,2019-10-16,False,3,3,1,False
224,ビリー・アイリッシュ,バッド・ガイ,3,2020-02-05,2020-02-19,False,3,7,1,False
224,TWICE,MORE & MORE,3,2020-06-10,2020-06-24,False,3,5,1,False
224,米津玄師,馬と鹿,3,2020-08-12,2020-08-26,False,3,6,1,False
224,DISH//,猫,3,2020-09-30,2020-10-14,False,5,7,3,False
224,YOASOBI,アンコール,3,2021-01-27,2021-02-10,False,5,9,3,False
224,宇多田ヒカル,One Last Kiss,3,2021-03-17,2021-03-31,False,3,3,1,False
224,BTS,Film out,3,2021-04-07,2021-04-21,False,3,1,1,False
224,TWICE,The Feels,3,2021-10-13,2021-10-27,False,3,4,1,False
224,宇多田ヒカル,君に夢中,3,2021-12-08,2021-12-22,False,3,3,1,False
224,あいみょん,ハート,3,2022-01-26,2022-02-09,False,5,9,3,False
224,めいちゃん,ラナ,3,2022-05-11,2022-05-25,False,3,1,1,False
224,星野源,喜劇,3,2022-05-18,2022-06-01,False,3,8,1,False
224,TWICE,Celebrate,3,2022-07-27,2022-08-10,False,3,6,1,False
224,Ado,風のゆくえ (ウタ from ONE PIECE FILM RED),3,2022-08-24,2022-09-07,False,3,9,1,False
224,RADWIMPS,すずめ (feat. 十明),3,2022-11-23,2022-12-07,False,3,8,1,False
224,マカロニえんぴつ,リンジュー・ラヴ,3,2023-03-22,2023-04-05,False,3,8,1,False
224,Vaundy,そんなbitterな話,3,2023-05-31,2023-06-14,False,3,10,1,False
224,櫻坂46,Start over!,3,2023-06-28,2023-07-12,False,3,6,1,False
224,NewJeans,ETA,3,2023-08-02,2023-08-16,False,4,8,2,False
224,櫻坂46,承認欲求,3,2023-10-18,2023-11-01,False,3,5,1,False
224,櫻坂46,何歳の頃に戻りたいのか?,3,2024-02-21,2024-03-06,False,3,4,1,False
224,米津玄師,さよーならまたいつか!,3,2024-04-17,2024-05-01,False,6,7,3,False
224,Mrs.GREEN APPLE,点描の唄 feat.井上苑子,3,2024-09-25,2024-10-09,False,7,10,3,False
224,ちゃんみな,SAD SONG,3,2025-05-28,2025-06-11,False,4,3,2,False
224,BE:FIRST,夢中,3,2025-07-02,2025-07-16,False,9,4,5,False
224,HUNTR/X,Golden,3,2025-12-03,2025-12-17,False,4,6,2,False
224,Snow Man,カリスマックス,3,2025-12-31,2026-01-14,False,4,7,2,False
224,BTS,2.0,3,2026-04-15,2026-04-29,False,3,9,1,False
224,M!LK,アイドルパワー,3,2026-05-06,2026-05-20,False,3,4,1,False
224,BE:FIRST,Missing,3,2026-07-08,2026-07-22,False,3,1,1,False
224,M!LK,時空超えてユニバース,3,2026-09-16,2026-09-30,True,3,4,1,False
224,SixTONES,マイオンリー,3,2026-09-16,2026-09-30,True,3,6,1,False
224,YAO,"ありふれた世界の果てに (feat. Awich, CHICO CARLITO, ONE OK ROCK & Paledusk)",3,2026-09-16,2026-09-30,True,3,1,1,False
275,チェインスモーカーズ,クローサー feat.ホールジー,2,2017-10-18,2017-10-25,False,4,8,3,False
275,SPICY CHOCOLATE,"君のことが好きだったんだ feat.BENI,Shuta Sueyoshi(AAA) & HAN-KUN",2,2017-10-25,2017-11-01,False,2,5,1,False
275,宇多田ヒカル,花束を君に,2,2017-12-13,2017-12-20,False,2,4,1,False
275,TWICE,Heart Shaker,2,2017-12-27,2018-01-03,False,2,8,1,False
275,乃木坂46,インフルエンサー,2,2018-01-10,2018-01-17,False,2,6,1,False
275,Little Glee Monster,Jupiter,2,2018-01-24,2018-01-31,False,2,5,1,False
275,JUJU,東京,2,2018-02-07,2018-02-14,False,4,5,2,False
275,絢香 & 三浦大知,ハートアップ,2,2018-02-21,2018-02-28,False,2,8,1,False
275,GReeeeN,ハロー カゲロウ,2,2018-02-28,2018-03-07,False,2,7,1,False
275,EXILE,Heads or Tails,2,2018-08-01,2018-08-08,False,2,9,1,False
275,乃木坂46,ジコチューで行こう!,2,2018-08-08,2018-08-15,False,2,6,1,False
275,Aimer(エメ),Black Bird,2,2018-09-19,2018-09-26,False,2,5,1,False
275,椎名林檎と宮本浩次,獣ゆく細道,2,2018-10-10,2018-10-17,False,2,9,1,False
275,アリアナ・グランデ,サンキュー、ネクスト,2,2018-12-05,2018-12-12,False,2,10,1,False
275,マライア・キャリー,恋人たちのクリスマス,2,2018-12-26,2019-01-02,False,3,9,2,False
275,宇多田ヒカル & スクリレックス,Face My Fears,2,2019-01-30,2019-02-06,False,2,6,1,False
275,中島美嘉,雪の華,2,2019-02-06,2019-02-13,False,2,8,1,False
275,あいみょん,ら、のはなし,2,2019-02-20,2019-02-27,False,2,7,1,False
275,ONE OK ROCK,In the Stars (feat. Kiiara),2,2019-02-27,2019-03-06,False,2,5,1,False
275,三代目 J SOUL BROTHERS from EXILE TRIBE,Yes we are,2,2019-03-20,2019-03-27,False,2,5,1,False
275,IZ*ONE,Violeta,2,2019-04-10,2019-04-17,False,2,5,1,False
275,MAN WITH A MISSION,Remember Me,2,2019-06-19,2019-06-26,False,2,9,1,False
275,BTS,Lights,2,2019-07-10,2019-07-17,False,2,5,1,False
275,THE RAMPAGE from EXILE TRIBE,WELCOME 2 PARADISE,2,2019-08-07,2019-08-14,False,2,4,1,False
275,King Gnu,傘,2,2019-10-23,2019-10-30,False,4,7,2,False
275,嵐,Turning Up,2,2019-11-13,2019-11-20,False,2,4,1,False
275,家入レオ,未完成,2,2020-04-08,2020-04-15,False,2,10,1,False
275,BTS,Your eyes tell,2,2020-07-22,2020-07-29,False,2,5,1,False
275,Official髭男dism,Laughter,2,2020-07-29,2020-08-05,False,4,8,2,False
275,米津玄師,Flamingo,2,2020-08-12,2020-08-19,False,2,8,1,False
275,ONE OK ROCK,Renegades,2,2021-04-28,2021-05-05,False,2,7,1,False
275,millennium parade × Belle,U,2,2021-07-28,2021-08-04,False,2,10,1,False
275,超特急,CARNAVAL,2,2021-07-28,2021-08-04,False,2,9,1,False
275,私立恵比寿中学,イヤフォン・ライオット,2,2021-08-18,2021-08-25,False,2,3,1,False
275,超特急,Добрый день,2,2021-10-27,2021-11-03,False,2,6,1,False
275,INI,Rocketeer,2,2021-11-10,2021-11-17,False,3,2,2,False
275,NiziU,Chopstick,2,2021-11-24,2021-12-01,False,2,7,1,False
275,めいちゃん,ズルい幻,2,2022-02-16,2022-02-23,False,2,7,1,False
275,wacci,恋だろ,2,2022-07-13,2022-07-20,False,2,8,1,False
275,TWICE,Talk that Talk,2,2022-09-14,2022-09-21,False,2,9,1,False
275,LE SSERAFIM,ANTIFRAGILE,2,2022-11-02,2022-11-09,False,2,9,1,False
275,Stray Kids,CASE 143,2,2022-12-21,2022-12-28,False,2,8,1,False
275,由薫,星月夜,2,2023-03-15,2023-03-22,False,2,7,1,False
275,BE:FIRST,Smile Again,2,2023-05-03,2023-05-10,False,2,2,1,False
275,LE SSERAFIM,UNFORGIVEN (feat. Nile Rodgers),2,2023-05-17,2023-05-24,False,2,9,1,False
275,Stray Kids,S-Class,2,2023-06-14,2023-06-21,False,2,7,1,False
275,めいちゃん,エンジョイ,2,2023-08-16,2023-08-23,False,2,4,1,False
275,緑黄色社会,サマータイムシンデレラ,2,2023-09-13,2023-09-20,False,2,10,1,False
275,BE:FIRST,Mainstream,2,2023-09-20,2023-09-27,False,2,5,1,False
275,back number,冬と春,2,2024-02-07,2024-02-14,False,2,9,1,False
275,Creepy Nuts,二度寝,2,2024-04-10,2024-04-17,False,2,8,1,False
275,BE:FIRST,Masterplan,2,2024-05-01,2024-05-08,False,2,7,1,False
275,INI,LOUD,2,2024-07-03,2024-07-10,False,2,9,1,False
275,MY FIRST STORY × HYDE,夢幻,2,2024-07-10,2024-07-17,False,2,5,1,False
275,GEMN,ファタール,2,2024-08-07,2024-08-14,False,5,9,3,False
275,BE:FIRST,Blissful,2,2024-08-21,2024-08-28,False,2,7,1,False
275,Vaundy,風神,2,2025-01-01,2025-01-08,False,2,7,1,False
275,BE:FIRST,Secret Garden,2,2025-09-03,2025-09-10,False,2,3,1,False
275,ねぐせ。,織姫とBABY feat. 汐れいら,2,2025-10-01,2025-10-08,False,2,8,1,False
275,Mrs.GREEN APPLE,狭心症,2,2025-11-26,2025-12-03,False,2,3,1,False
275,My Hair is Bad,いいんですか?,2,2025-11-26,2025-12-03,False,2,4,1,False
275,Vaundy,前前前世,2,2025-11-26,2025-12-03,False,2,5,1,False
275,BE:FIRST,街灯,2,2025-12-17,2025-12-24,False,2,6,1,False
275,嵐,Happiness,2,2026-06-10,2026-06-17,False,2,4,1,False
275,嵐,Love so sweet,2,2026-06-10,2026-06-17,False,3,3,2,False
340,カーリー・レイ・ジェプセン,カット・トゥ・ザ・フィーリング,1,2017-10-04,2017-10-04,False,1,10,1,True
340,アリアナ・グランデ,ブレイク・フリー feat.ゼッド,1,2017-10-11,2017-10-11,False,1,10,1,False
340,ジャスティン・ビーバー,ホワット・ドゥ・ユー・ミーン?,1,2017-10-18,2017-10-18,False,1,10,1,False
340,Aimer(エメ),花の唄,1,2017-10-25,2017-10-25,False,1,8,1,False
340,HIROOMI TOSAKA,DIAMOND SUNSET,1,2017-10-25,2017-10-25,False,1,6,1,False
340,MISIA,Never Gonna Cry! Strings Overture,1,2017-11-01,2017-11-01,False,1,10,1,False
340,DOBERMAN INFINITY,あの日のキミと今の僕に,1,2017-11-29,2017-11-29,False,1,7,1,False
340,Uru,奇蹟,1,2017-12-06,2017-12-06,False,1,10,1,False
340,宇多田ヒカル,Flavor Of Life,1,2017-12-20,2017-12-20,False,1,5,1,False
340,BoA,メリクリ,1,2017-12-27,2017-12-27,False,1,5,1,False
340,山下達郎,クリスマス・イブ,1,2017-12-27,2017-12-27,False,1,10,1,False
340,三浦大知,EXCITE,1,2018-01-10,2018-01-10,False,1,9,1,False
340,手嶌葵,明日への手紙,1,2018-02-21,2018-02-21,False,1,7,1,False
340,レミオロメン,3月9日,1,2018-03-14,2018-03-14,False,1,7,1,False
340,Little Glee Monster,ギュッと,1,2018-03-28,2018-03-28,False,1,10,1,False
340,ケツメイシ,さくら,1,2018-04-04,2018-04-04,False,1,7,1,False
340,アリアナ・グランデ,ノー・ティアーズ・レフト・トゥ・クライ,1,2018-05-02,2018-05-02,False,1,10,1,False
340,アヴィーチー,ウェイク・ミー・アップ!,1,2018-05-02,2018-05-02,False,1,8,1,False
340,MONGOL800,小さな恋のうた,1,2018-05-09,2018-05-09,False,1,10,1,False
340,Mr.Children,Tomorrow Never Knows,1,2018-05-23,2018-05-23,False,1,10,1,False
340,TWICE,Wake Me Up,1,2018-06-06,2018-06-06,False,1,7,1,False
340,椎名林檎,長く短い祭,1,2018-06-06,2018-06-06,False,1,10,1,False
340,三代目 J Soul Brothers from EXILE TRIBE,RAINBOW,1,2018-06-13,2018-06-13,False,1,2,1,False
340,三代目 J Soul Brothers from EXILE TRIBE feat.イエロー・クロウ,RAINBOW,1,2018-06-20,2018-06-20,False,1,6,1,False
340,BLACKPINK,FOREVER YOUNG,1,2018-06-27,2018-06-27,False,1,10,1,False
340,MOMOLAND,Baam,1,2018-07-11,2018-07-11,False,1,7,1,False
340,AAA,Tomorrow,1,2018-08-01,2018-08-01,False,1,7,1,False
340,DJキャレド,"ノー・ブレイナー feat.ジャスティン・ビーバー,チャンス・ザ・ラッパー & クエヴォ",1,2018-08-08,2018-08-08,False,1,7,1,False
340,Nissy(西島隆弘),Relax & Chill,1,2018-08-15,2018-08-15,False,1,10,1,False
340,星野源,アイデア,1,2018-08-29,2018-08-29,False,1,7,1,False
340,androp,Hikari,1,2018-09-19,2018-09-19,False,1,10,1,False
340,IZ*ONE,La Vie en Rose,1,2018-12-19,2018-12-19,False,1,9,1,False
340,Mrs.GREEN APPLE,僕のこと,1,2019-01-23,2019-01-23,False,1,8,1,False
340,平井大,THE GIFT,1,2019-03-20,2019-03-20,False,1,10,1,False
340,back number,高嶺の花子さん,1,2019-04-03,2019-04-03,False,2,8,2,False
340,HIROOMI TOSAKA,BLUE SAPPHIRE,1,2019-04-24,2019-04-24,False,1,8,1,False
340,テイラー・スウィフト,ME! feat. ブレンドン・ユーリー・オブ・パニック!アット・ザ・ディスコ,1,2019-05-08,2019-05-08,False,1,10,1,False
340,FANTASTICS from EXILE TRIBE vs BALLISTIK BOYZ from EXILE TRIBE,SHOCK THE WORLD,1,2019-06-12,2019-06-12,False,1,7,1,False
340,GENERATIONS from EXILE TRIBE vs THE RAMPAGE from EXILE TRIBE,SHOOT IT OUT,1,2019-06-12,2019-06-12,False,1,5,1,False
340,THE RAMPAGE from EXILE TRIBE vs FANTASTICS from EXILE TRIBE,MIX IT UP,1,2019-06-19,2019-06-19,False,1,5,1,False
340,WANIMA,シグナル,1,2019-07-03,2019-07-03,False,1,10,1,False
340,菅田将暉,キスだけで feat. あいみょん,1,2019-07-10,2019-07-10,False,1,6,1,False
340,TWICE,HAPPY HAPPY,1,2019-07-24,2019-07-24,False,1,8,1,False
340,TWICE,Breakthrough,1,2019-07-31,2019-07-31,False,1,6,1,False
340,三代目 J SOUL BROTHERS from EXILE TRIBE,SCARLET feat.Afrojack,1,2019-08-14,2019-08-14,False,1,10,1,False
340,GENERATIONS from EXILE TRIBE,DREAMERS,1,2019-09-11,2019-09-11,False,1,10,1,False
340,miwa,リブート,1,2019-09-11,2019-09-11,False,1,9,1,False
340,三代目 J SOUL BROTHERS from EXILE TRIBE,Rat-tat-tat,1,2019-10-02,2019-10-02,False,1,9,1,False
340,Official髭男dism,Stand By You,1,2019-11-27,2019-11-27,False,1,10,1,False
340,Rin音,snow jam,1,2020-04-29,2020-04-29,False,1,10,1,False
340,DISH//,猫 〜THE FIRST TAKE ver.〜,1,2020-06-17,2020-06-17,False,2,9,2,False
340,BTS,Stay Gold,1,2020-07-01,2020-07-01,False,1,10,1,False
340,BLACKPINK,How You Like That,1,2020-07-08,2020-07-08,False,1,5,1,False
340,NiziU,Baby I'm a star,1,2020-07-08,2020-07-08,False,1,4,1,False
340,NiziU,Boom Boom Boom,1,2020-07-08,2020-07-08,False,1,6,1,False
340,NiziU,虹の向こうへ,1,2020-07-08,2020-07-08,False,1,9,1,False
340,YOASOBI,たぶん,1,2020-07-29,2020-07-29,False,1,10,1,False
340,三浦春馬,Night Diver,1,2020-08-05,2020-08-05,False,1,4,1,False
340,米津玄師,PLACEBO + 野田洋次郎,1,2020-08-12,2020-08-12,False,1,9,1,False
340,BLACKPINK,Lovesick Girls,1,2020-10-14,2020-10-14,False,1,9,1,False
340,BTS,Life Goes On,1,2020-12-02,2020-12-02,False,1,9,1,False
340,NiziU,Poppin' Shakin',1,2021-03-03,2021-03-03,False,1,6,1,False
340,BLOOM VASE,Bluma to Lunch,1,2021-03-31,2021-03-31,False,3,10,3,False
340,Kis-My-Ft2,A10TION,1,2021-08-18,2021-08-18,False,1,10,1,False
340,BE:FIRST,Shining One,1,2021-08-25,2021-08-25,False,1,2,1,False
340,YOASOBI,大正浪漫,1,2021-09-29,2021-09-29,False,1,8,1,False
340,超特急,カチカジャ,1,2021-09-29,2021-09-29,False,1,7,1,False
340,back number,黄色,1,2021-10-13,2021-10-13,False,1,9,1,False
340,超特急,Yodelic Fire,1,2021-11-10,2021-11-10,False,1,4,1,False
340,JO1,僕らの季節,1,2021-12-22,2021-12-22,False,1,9,1,False
340,Da-iCE,CITRUS,1,2022-01-12,2022-01-12,False,1,9,1,False
340,優里,シャッター,1,2022-02-16,2022-02-16,False,1,10,1,False
340,優里,レオ,1,2022-02-23,2022-02-23,False,1,10,1,False
340,ENHYPEN,Always,1,2022-03-02,2022-03-02,False,1,6,1,False
340,原因は自分にある。,青、その他,1,2022-03-23,2022-03-23,False,1,5,1,False
340,原因は自分にある。,結末は次のトラフィックライト,1,2022-03-30,2022-03-30,False,1,5,1,False
340,JO1,Move The Soul,1,2022-04-13,2022-04-13,False,1,10,1,False
340,SEVENTEEN,Darl+ing,1,2022-04-27,2022-04-27,False,1,10,1,False
340,BE:FIRST,Betrayal Game,1,2022-05-04,2022-05-04,False,1,4,1,False
340,LE SSERAFIM,FEARLESS,1,2022-05-18,2022-05-18,False,1,6,1,False
340,SEVENTEEN,HOT,1,2022-06-08,2022-06-08,False,1,10,1,False
340,BE:FIRST,Scream,1,2022-08-03,2022-08-03,False,1,2,1,False
340,めいちゃん,Bouquet,1,2022-08-10,2022-08-10,False,1,5,1,False
340,INI,Password,1,2022-08-17,2022-08-17,False,1,9,1,False
340,Ado,世界のつづき (ウタ from ONE PIECE FILM RED),1,2022-08-24,2022-08-24,False,1,10,1,False
340,IVE,After LIKE,1,2022-09-07,2022-09-07,False,1,9,1,False
340,Vaundy,CHAINSAW BLOOD,1,2022-10-26,2022-10-26,False,1,9,1,False
340,RADWIMPS,カナタハルカ,1,2022-12-07,2022-12-07,False,1,10,1,False
340,TWICE,MOONLIGHT SUNRISE,1,2023-02-01,2023-02-01,False,1,5,1,False
340,INI,New Day,1,2023-02-08,2023-02-08,False,1,8,1,False
340,TREASURE,Here I Stand,1,2023-02-08,2023-02-08,False,1,5,1,False
340,めいちゃん,スクワッド!,1,2023-02-15,2023-02-15,False,1,7,1,False
340,BE:FIRST,Boom Boom Back,1,2023-02-22,2023-02-22,False,1,2,1,False
340,IVE,I AM,1,2023-04-26,2023-04-26,False,1,8,1,False
340,SEVENTEEN,Super,1,2023-05-03,2023-05-03,False,1,4,1,False
340,悠馬,カーテン,1,2023-05-10,2023-05-10,False,1,10,1,False
340,BUDDiiS,Magic,1,2023-05-24,2023-05-24,False,1,4,1,False
340,超特急,Call My Name,1,2023-06-07,2023-06-07,False,1,8,1,False
340,BTS,Take Two,1,2023-06-21,2023-06-21,False,1,8,1,False
340,超特急,Lesson II,1,2023-10-11,2023-10-11,False,1,9,1,False
340,藤井風,花,1,2023-11-15,2023-11-15,False,1,9,1,False
340,Stray Kids,LALALALA,1,2023-11-22,2023-11-22,False,1,6,1,False
340,ヨルシカ,晴る,1,2024-03-20,2024-03-20,False,1,10,1,False
340,Stray Kids,Chk Chk Boom,1,2024-07-31,2024-07-31,False,1,8,1,False
340,LE SSERAFIM,CRAZY,1,2024-09-11,2024-09-11,False,1,8,1,False
340,ROSE & ブルーノ・マーズ,APT.,1,2024-10-30,2024-10-30,False,1,3,1,False
340,櫻坂46,I want tomorrow to come,1,2024-10-30,2024-10-30,False,1,5,1,False
340,CUTIE STREET,かわいいだけじゃだめですか?,1,2024-11-27,2024-11-27,False,2,10,2,False
340,King Gnu,ねっこ,1,2025-01-01,2025-01-01,False,1,8,1,False
340,BE:FIRST,Spacecraft,1,2025-02-12,2025-02-12,False,1,9,1,False
340,ILLIT,Almond Chocolate,1,2025-04-09,2025-04-09,False,1,10,1,False
340,BE:FIRST,GRIT,1,2025-06-04,2025-06-04,False,1,5,1,False
340,藤井風,Prema,1,2025-09-17,2025-09-17,False,1,8,1,False
340,BE:FIRST,Stare In Wonder,1,2025-10-15,2025-10-15,False,1,9,1,False
340,櫻坂46,Unhappy birthday構文,1,2025-10-29,2025-10-29,False,1,10,1,False
340,SEKAI NO OWARI,最大公約数,1,2025-11-26,2025-11-26,False,1,8,1,False
340,ヨルシカ,DARMA GRAND PRIX,1,2025-11-26,2025-11-26,False,1,10,1,False
340,米津玄師,トレモロ,1,2025-11-26,2025-11-26,False,1,7,1,False
340,King & Prince,Theater,1,2025-12-31,2025-12-31,False,1,5,1,False
340,back number,ヒロイン,1,2025-12-31,2025-12-31,False,1,9,1,False
340,HANA,Cold Night,1,2026-02-11,2026-02-11,False,2,8,2,False
340,HANA,ALL IN,1,2026-03-11,2026-03-11,False,1,10,1,False
340,BE:FIRST,BE:FIRST ALL DAY,1,2026-03-25,2026-03-25,False,1,6,1,False
340,櫻坂46,Lonesome rabbit,1,2026-05-27,2026-05-27,False,1,10,1,False
340,嵐,A・RA・SHI,1,2026-06-10,2026-06-10,False,1,10,1,False
340,嵐,Monster,1,2026-06-10,2026-06-10,False,1,8,1,False
340,嵐,One Love,1,2026-06-10,2026-06-10,False,1,5,1,False
340,back number,花束,1,2026-07-01,2026-07-01,False,1,10,1,False
340,Snow Man,グッタイム,1,2026-07-15,2026-07-15,False,1,5,1,False
340,米津玄師,夜鷹,1,2026-07-22,2026-07-22,False,1,3,1,False
340,M!LK,罪と罰と雨とキス (佐野勇斗&吉田仁人),1,2026-08-12,2026-08-12,False,1,10,1,False
340,=LOVE,恋、はじめました。,1,2026-09-09,2026-09-09,False,1,10,1,False
