year,target_artist,credited_artist,chart_date,rank,title
2024,BE:FIRST,BE:FIRST,2024-01-10,100,Mainstream
2024,BE:FIRST,BE:FIRST,2024-03-06,12,Set Sail
2024,BE:FIRST,BE:FIRST,2024-03-13,55,Set Sail
2024,BE:FIRST,BE:FIRST,2024-03-20,13,Gifted. -Orchestra ver.-
2024,BE:FIRST,BE:FIRST,2024-05-01,1,Masterplan
2024,BE:FIRST,BE:FIRST,2024-05-08,7,Masterplan
2024,BE:FIRST,BE:FIRST,2024-05-15,16,Masterplan
2024,BE:FIRST,BE:FIRST,2024-05-22,24,Masterplan
2024,BE:FIRST,BE:FIRST,2024-05-29,33,Masterplan
2024,BE:FIRST,BE:FIRST,2024-06-05,44,Masterplan
2024,BE:FIRST,BE:FIRST,2024-06-12,60,Masterplan
2024,BE:FIRST,BE:FIRST,2024-06-19,78,Masterplan
2024,BE:FIRST,BE:FIRST,2024-06-26,95,Masterplan
2024,BE:FIRST,BE:FIRST,2024-08-21,1,Blissful
2024,BE:FIRST,BE:FIRST,2024-08-28,8,Blissful
2024,BE:FIRST,BE:FIRST,2024-09-04,23,Blissful
2024,BE:FIRST,BE:FIRST,2024-09-11,21,Blissful
2024,BE:FIRST,BE:FIRST,2024-09-18,30,Blissful
2024,BE:FIRST,BE:FIRST,2024-09-25,39,Blissful
2024,BE:FIRST,BE:FIRST,2024-10-02,60,Blissful
2024,BE:FIRST,BE:FIRST,2024-10-09,72,Blissful
2024,BE:FIRST,BE:FIRST,2024-11-13,4,Sailing
2024,BE:FIRST,BE:FIRST,2024-11-20,29,Sailing
2024,BE:FIRST,BE:FIRST,2024-11-27,45,Sailing
2024,BE:FIRST,BE:FIRST,2024-12-04,82,Sailing
2024,BE:FIRST,BE:FIRST,2024-12-11,38,Sailing
2024,BE:FIRST,BE:FIRST,2024-12-18,32,Sailing
2024,BE:FIRST,BE:FIRST,2024-12-25,62,Sailing
2024,M!LK,M!LK,2024-01-31,6,Kiss Plan
2024,M!LK,M!LK,2024-02-07,28,Kiss Plan
2024,M!LK,M!LK,2024-02-14,49,Kiss Plan
2024,M!LK,M!LK,2024-05-01,82,ブルーシャワー
2024,M!LK,M!LK,2024-05-08,67,ブルーシャワー
2024,M!LK,M!LK,2024-05-15,71,ブルーシャワー
2024,M!LK,M!LK,2024-05-22,88,ブルーシャワー
2024,M!LK,M!LK,2024-05-29,4,ブルーシャワー
2024,M!LK,M!LK,2024-10-23,47,エビバディグッジョブ!
2024,M!LK,M!LK,2024-10-30,4,エビバディグッジョブ!
2024,M!LK,M!LK,2024-12-04,52,I CAN DRINK
2024,M!LK,M!LK,2024-12-11,61,I CAN DRINK
2024,M!LK,M!LK,2024-12-18,88,I CAN DRINK
2024,Snow Man,Snow Man,2024-01-31,86,We'll go together
2024,Snow Man,Snow Man,2024-02-07,95,We'll go together
2024,Snow Man,Snow Man,2024-02-21,2,LOVE TRIGGER
2024,Snow Man,Snow Man,2024-02-28,12,LOVE TRIGGER
2024,Snow Man,Snow Man,2024-03-06,82,LOVE TRIGGER
2024,Snow Man,Snow Man,2024-06-26,66,BREAKOUT
2024,Snow Man,Snow Man,2024-07-03,84,BREAKOUT
2024,Snow Man,Snow Man,2024-08-07,1,BREAKOUT
2024,Snow Man,Snow Man,2024-08-14,18,BREAKOUT
2024,Snow Man,Snow Man,2024-08-21,71,BREAKOUT
2024,Snow Man,Snow Man,2024-08-28,47,EMPIRE
2024,Snow Man,Snow Man,2024-09-04,95,EMPIRE
2024,Snow Man,Snow Man,2024-10-23,2,One
2024,Snow Man,Snow Man,2024-10-30,81,One
2024,Snow Man,Snow Man,2024-11-06,100,EMPIRE
2024,King & Prince,King & Prince,2024-05-29,1,halfmoon
2024,King & Prince,King & Prince,2024-05-29,34,moooove!!
2024,King & Prince,King & Prince,2024-06-05,43,halfmoon
2024,King & Prince,King & Prince,2024-06-05,66,ツキヨミ
2024,King & Prince,King & Prince,2024-06-05,77,moooove!!
2024,King & Prince,King & Prince,2024-06-05,95,シンデレラガール
2024,King & Prince,King & Prince,2024-06-12,78,ツキヨミ
2024,King & Prince,King & Prince,2024-06-12,84,moooove!!
2024,King & Prince,King & Prince,2024-10-09,5,WOW
2024,ONE OR EIGHT,ONE OR EIGHT,2024-08-28,37,Don't Tell Nobody
2024,ONE OR EIGHT,ONE OR EIGHT,2024-12-25,26,KAWASAKI (with Big Sean)
2024,Da-iCE,Da-iCE,2024-05-01,68,I wonder
2024,Da-iCE,Da-iCE,2024-05-08,40,I wonder
2024,Da-iCE,Da-iCE,2024-05-15,31,I wonder
2024,Da-iCE,Da-iCE,2024-05-22,19,I wonder
2024,Da-iCE,Da-iCE,2024-05-29,17,I wonder
2024,Da-iCE,Da-iCE,2024-06-05,18,I wonder
2024,Da-iCE,Da-iCE,2024-06-12,12,I wonder
2024,Da-iCE,Da-iCE,2024-06-12,100,CITRUS
2024,Da-iCE,Da-iCE,2024-06-19,11,I wonder
2024,Da-iCE,Da-iCE,2024-06-26,11,I wonder
2024,Da-iCE,Da-iCE,2024-07-03,8,I wonder
2024,Da-iCE,Da-iCE,2024-07-10,9,I wonder
2024,Da-iCE,Da-iCE,2024-07-17,7,I wonder
2024,Da-iCE,Da-iCE,2024-07-24,8,I wonder
2024,Da-iCE,Da-iCE,2024-07-31,9,I wonder
2024,Da-iCE,Da-iCE,2024-07-31,91,スターマイン
2024,Da-iCE,Da-iCE,2024-08-07,10,I wonder
2024,Da-iCE,Da-iCE,2024-08-07,80,スターマイン
2024,Da-iCE,Da-iCE,2024-08-14,10,I wonder
2024,Da-iCE,Da-iCE,2024-08-14,89,スターマイン
2024,Da-iCE,Da-iCE,2024-08-21,13,I wonder
2024,Da-iCE,Da-iCE,2024-08-21,90,スターマイン
2024,Da-iCE,Da-iCE,2024-08-21,92,CITRUS
2024,Da-iCE,Da-iCE,2024-08-28,18,I wonder
2024,Da-iCE,Da-iCE,2024-09-04,24,I wonder
2024,Da-iCE,Da-iCE,2024-09-11,17,I wonder
2024,Da-iCE,Da-iCE,2024-09-18,23,I wonder
2024,Da-iCE,Da-iCE,2024-09-25,21,I wonder
2024,Da-iCE,Da-iCE,2024-10-02,22,I wonder
2024,Da-iCE,Da-iCE,2024-10-09,24,I wonder
2024,Da-iCE,Da-iCE,2024-10-16,22,I wonder
2024,Da-iCE,Da-iCE,2024-10-23,16,I wonder
2024,Da-iCE,Da-iCE,2024-10-30,27,I wonder
2024,Da-iCE,Da-iCE,2024-11-06,30,I wonder
2024,Da-iCE,Da-iCE,2024-11-13,29,I wonder
2024,Da-iCE,Da-iCE,2024-11-20,26,I wonder
2024,Da-iCE,Da-iCE,2024-11-27,20,I wonder
2024,Da-iCE,Da-iCE,2024-11-27,98,CITRUS
2024,Da-iCE,Da-iCE,2024-12-04,24,I wonder
2024,Da-iCE,Da-iCE,2024-12-04,97,CITRUS
2024,Da-iCE,Da-iCE,2024-12-11,25,I wonder
2024,Da-iCE,Da-iCE,2024-12-18,21,I wonder
2024,Da-iCE,Da-iCE,2024-12-25,23,I wonder
2024,&TEAM,&TEAM,2024-05-15,2,五月雨 (Samidare)
2024,&TEAM,&TEAM,2024-05-22,16,五月雨 (Samidare)
2024,&TEAM,&TEAM,2024-08-14,1,青嵐 (Aoarashi)
2024,&TEAM,&TEAM,2024-08-21,47,青嵐 (Aoarashi)
2024,&TEAM,&TEAM,2024-08-28,57,青嵐 (Aoarashi)
2024,&TEAM,&TEAM,2024-10-30,93,十五夜 (Jyuugoya)
2024,&TEAM,&TEAM,2024-12-25,36,雪明かり (Yukiakari)
2024,Number_i,Number_i,2024-01-10,1,GOAT
2024,Number_i,Number_i,2024-01-17,3,GOAT
2024,Number_i,Number_i,2024-01-24,6,GOAT
2024,Number_i,Number_i,2024-01-31,15,GOAT
2024,Number_i,Number_i,2024-02-07,21,GOAT
2024,Number_i,Number_i,2024-02-14,29,GOAT
2024,Number_i,Number_i,2024-02-21,44,GOAT
2024,Number_i,Number_i,2024-02-28,46,GOAT
2024,Number_i,Number_i,2024-03-06,32,GOAT
2024,Number_i,Number_i,2024-03-13,2,GOAT
2024,Number_i,Number_i,2024-03-13,66,FUJI
2024,Number_i,Number_i,2024-03-13,79,Is it me?
2024,Number_i,Number_i,2024-03-13,80,Blow Your Cover
2024,Number_i,Number_i,2024-03-13,84,Midnight City
2024,Number_i,Number_i,2024-03-13,99,Rain or Shine
2024,Number_i,Number_i,2024-03-20,5,GOAT
2024,Number_i,Number_i,2024-03-20,68,FUJI
2024,Number_i,Number_i,2024-03-27,29,GOAT
2024,Number_i,Number_i,2024-03-27,69,FUJI
2024,Number_i,Number_i,2024-04-03,41,GOAT
2024,Number_i,Number_i,2024-04-10,35,GOAT
2024,Number_i,Number_i,2024-04-17,5,Blow Your Cover
2024,Number_i,Number_i,2024-04-17,35,GOAT
2024,Number_i,Number_i,2024-04-24,36,GOAT
2024,Number_i,Number_i,2024-04-24,77,Blow Your Cover
2024,Number_i,Number_i,2024-05-01,47,GOAT
2024,Number_i,Number_i,2024-05-01,59,Blow Your Cover
2024,Number_i,Number_i,2024-05-08,46,GOAT
2024,Number_i,Number_i,2024-05-08,97,Blow Your Cover
2024,Number_i,Number_i,2024-05-15,58,GOAT
2024,Number_i,Number_i,2024-05-22,66,GOAT
2024,Number_i,Number_i,2024-05-29,64,GOAT
2024,Number_i,Number_i,2024-06-05,2,BON
2024,Number_i,Number_i,2024-06-05,54,GOAT
2024,Number_i,Number_i,2024-06-05,65,No-Yes
2024,Number_i,Number_i,2024-06-05,71,SQUARE_ONE
2024,Number_i,Number_i,2024-06-05,80,i
2024,Number_i,Number_i,2024-06-05,81,OK Complex
2024,Number_i,Number_i,2024-06-05,100,Banana (Take It Lazy)
2024,Number_i,Number_i,2024-06-12,8,BON
2024,Number_i,Number_i,2024-06-12,66,GOAT
2024,Number_i,Number_i,2024-06-12,99,No-Yes
2024,Number_i,Number_i,2024-06-19,19,BON
2024,Number_i,Number_i,2024-06-19,68,GOAT
2024,Number_i,Number_i,2024-06-26,24,BON
2024,Number_i,Number_i,2024-06-26,72,GOAT
2024,Number_i,Number_i,2024-07-03,28,BON
2024,Number_i,Number_i,2024-07-03,62,GOAT
2024,Number_i,Number_i,2024-07-10,34,BON
2024,Number_i,Number_i,2024-07-10,60,GOAT
2024,Number_i,Number_i,2024-07-17,36,BON
2024,Number_i,Number_i,2024-07-17,72,GOAT
2024,Number_i,Number_i,2024-07-24,41,BON
2024,Number_i,Number_i,2024-07-24,80,GOAT
2024,Number_i,Number_i,2024-07-31,45,BON
2024,Number_i,Number_i,2024-07-31,81,GOAT
2024,Number_i,Number_i,2024-08-07,50,BON
2024,Number_i,Number_i,2024-08-07,79,GOAT
2024,Number_i,Number_i,2024-08-14,61,BON
2024,Number_i,Number_i,2024-08-14,86,GOAT
2024,Number_i,Number_i,2024-08-21,53,BON
2024,Number_i,Number_i,2024-08-21,78,GOAT
2024,Number_i,Number_i,2024-08-28,1,INZM
2024,Number_i,Number_i,2024-08-28,40,BON
2024,Number_i,Number_i,2024-08-28,58,GOAT
2024,Number_i,Number_i,2024-09-04,13,INZM
2024,Number_i,Number_i,2024-09-04,43,BON
2024,Number_i,Number_i,2024-09-04,59,GOAT
2024,Number_i,Number_i,2024-09-11,23,INZM
2024,Number_i,Number_i,2024-09-11,60,BON
2024,Number_i,Number_i,2024-09-11,69,GOAT
2024,Number_i,Number_i,2024-09-18,28,INZM
2024,Number_i,Number_i,2024-09-18,69,BON
2024,Number_i,Number_i,2024-09-18,73,GOAT
2024,Number_i,Number_i,2024-09-25,26,INZM
2024,Number_i,Number_i,2024-09-25,52,GOAT
2024,Number_i,Number_i,2024-09-25,56,BON
2024,Number_i,Number_i,2024-10-02,21,INZM
2024,Number_i,Number_i,2024-10-02,35,透明になりたい
2024,Number_i,Number_i,2024-10-02,45,GOAT
2024,Number_i,Number_i,2024-10-02,47,BON
2024,Number_i,Number_i,2024-10-02,84,Recipe
2024,Number_i,Number_i,2024-10-02,86,iLY
2024,Number_i,Number_i,2024-10-02,87,ICE
2024,Number_i,Number_i,2024-10-02,92,Bye 24/7
2024,Number_i,Number_i,2024-10-09,43,INZM
2024,Number_i,Number_i,2024-10-09,53,GOAT
2024,Number_i,Number_i,2024-10-09,66,BON
2024,Number_i,Number_i,2024-10-16,44,INZM
2024,Number_i,Number_i,2024-10-16,51,GOAT
2024,Number_i,Number_i,2024-10-16,71,BON
2024,Number_i,Number_i,2024-10-23,46,GOAT
2024,Number_i,Number_i,2024-10-23,55,INZM
2024,Number_i,Number_i,2024-10-23,73,BON
2024,Number_i,Number_i,2024-10-30,46,GOAT
2024,Number_i,Number_i,2024-10-30,57,INZM
2024,Number_i,Number_i,2024-10-30,72,BON
2024,Number_i,Number_i,2024-11-06,46,GOAT
2024,Number_i,Number_i,2024-11-06,59,INZM
2024,Number_i,Number_i,2024-11-06,69,BON
2024,Number_i,Number_i,2024-11-13,40,GOAT
2024,Number_i,Number_i,2024-11-13,59,INZM
2024,Number_i,Number_i,2024-11-13,66,BON
2024,Number_i,Number_i,2024-11-20,43,GOAT
2024,Number_i,Number_i,2024-11-20,67,INZM
2024,Number_i,Number_i,2024-11-20,73,BON
2024,Number_i,Number_i,2024-11-27,34,GOAT
2024,Number_i,Number_i,2024-11-27,69,INZM
2024,Number_i,Number_i,2024-11-27,75,BON
2024,Number_i,Number_i,2024-12-04,37,GOAT
2024,Number_i,Number_i,2024-12-04,65,INZM
2024,Number_i,Number_i,2024-12-04,68,BON
2024,Number_i,Number_i,2024-12-11,3,HIRAKEGOMA
2024,Number_i,Number_i,2024-12-11,37,GOAT
2024,Number_i,Number_i,2024-12-11,62,INZM
2024,Number_i,Number_i,2024-12-11,67,BON
2024,Number_i,Number_i,2024-12-18,36,HIRAKEGOMA
2024,Number_i,Number_i,2024-12-18,41,GOAT
2024,Number_i,Number_i,2024-12-18,75,INZM
2024,Number_i,Number_i,2024-12-18,81,BON
2024,Number_i,Number_i,2024-12-25,38,GOAT
2024,Number_i,Number_i,2024-12-25,51,HIRAKEGOMA
2024,Number_i,Number_i,2024-12-25,73,INZM
2024,Number_i,Number_i,2024-12-25,80,BON
2024,NCT WISH,NCT WISH,2024-03-06,3,WISH
2024,NCT WISH,NCT WISH,2024-03-13,31,WISH
2024,NCT WISH,NCT WISH,2024-07-03,4,Songbird
2024,SixTONES,SixTONES,2024-01-17,36,アンセム
2024,SixTONES,SixTONES,2024-05-08,3,音色
2024,SixTONES,SixTONES,2024-05-15,57,音色
2024,SixTONES,SixTONES,2024-07-17,2,GONG
2024,SixTONES,SixTONES,2024-07-24,76,GONG
2024,timelesz,Sexy Zone,2024-03-13,3,puzzle
2024,timelesz,timelesz,2024-11-27,3,because
2024,NEWS,NEWS,2024-09-25,35,チャンカパーナ
2024,NEWS,NEWS,2024-10-02,41,チャンカパーナ
2024,NEWS,NEWS,2024-10-09,41,チャンカパーナ
2024,NEWS,NEWS,2024-10-16,36,チャンカパーナ
2024,NEWS,NEWS,2024-10-23,17,チャンカパーナ
2024,NEWS,NEWS,2024-10-30,20,チャンカパーナ
2024,NEWS,NEWS,2024-11-06,25,チャンカパーナ
2024,NEWS,NEWS,2024-11-13,27,チャンカパーナ
2024,NEWS,NEWS,2024-11-20,4,あっちむいてほい
2024,NEWS,NEWS,2024-11-20,35,チャンカパーナ
2024,NEWS,NEWS,2024-11-27,35,チャンカパーナ
2024,NEWS,NEWS,2024-12-04,42,チャンカパーナ
2024,NEWS,NEWS,2024-12-11,57,チャンカパーナ
2024,NEWS,NEWS,2024-12-18,69,チャンカパーナ
2024,NEWS,NEWS,2024-12-25,78,チャンカパーナ
2024,MAZZEL,MAZZEL,2024-02-07,80,Waterfall
2024,MAZZEL,MAZZEL,2024-03-13,45,Parade
2024,MAZZEL,MAZZEL,2024-07-03,97,Counterattack
2024,MAZZEL,MAZZEL,2024-07-17,67,Seaside Story
2024,MAZZEL,MAZZEL,2024-07-24,75,Seaside Story
2024,MAZZEL,MAZZEL,2024-08-07,47,Seaside Story
2024,MAZZEL,MAZZEL,2024-10-23,21,MAZQUERADE
2024,なにわ男子,なにわ男子,2024-09-04,2,コイスルヒカリ
2024,なにわ男子,なにわ男子,2024-09-11,29,コイスルヒカリ
2024,なにわ男子,なにわ男子,2024-11-27,49,ありがとう心から
2024,なにわ男子,なにわ男子,2024-11-27,59,勇気100%
2024,Travis Japan,Travis Japan,2024-03-27,2,T.G.I. Friday Night
2024,Travis Japan,Travis Japan,2024-04-03,77,T.G.I. Friday Night
2024,Travis Japan,Travis Japan,2024-06-19,2,Sweetest Tune
2024,Travis Japan,Travis Japan,2024-06-26,42,Sweetest Tune
2024,Travis Japan,Travis Japan,2024-07-03,98,Sweetest Tune
2024,Travis Japan,Travis Japan,2024-10-30,10,Crazy Crazy
2024,Travis Japan,Travis Japan,2024-10-30,65,Fly Higher
2024,Travis Japan,Travis Japan,2024-11-06,99,Crazy Crazy
2024,Travis Japan,Travis Japan,2024-12-11,71,BO$$Y
2024,三代目 J SOUL BROTHERS from EXILE TRIBE,三代目 J SOUL BROTHERS from EXILE TRIBE,2024-10-02,91,Baby don't cry
2024,DA PUMP,DA PUMP,2024-02-28,83,Use Your Body
2024,DA PUMP,DA PUMP,2024-07-31,84,Pump It Up! feat. TAKUMA THE GREAT
2024,JO1,JO1,2024-01-17,60,Your Key
2024,JO1,JO1,2024-02-28,45,Aqua
2024,JO1,JO1,2024-04-03,72,HAPPY UNBIRTHDAY
2024,JO1,JO1,2024-04-17,60,Test Drive
2024,JO1,JO1,2024-04-24,88,Test Drive
2024,JO1,JO1,2024-05-22,48,Love seeker
2024,JO1,JO1,2024-05-29,59,Love seeker
2024,JO1,JO1,2024-06-05,1,Love seeker
2024,JO1,JO1,2024-06-12,16,Love seeker
2024,JO1,JO1,2024-06-19,31,Love seeker
2024,JO1,JO1,2024-06-26,38,Love seeker
2024,JO1,JO1,2024-07-03,45,Love seeker
2024,JO1,JO1,2024-07-10,64,Love seeker
2024,JO1,JO1,2024-07-17,76,Love seeker
2024,JO1,JO1,2024-07-24,85,Love seeker
2024,JO1,JO1,2024-07-31,89,Love seeker
2024,JO1,JO1,2024-08-07,96,Love seeker
2024,JO1,JO1,2024-09-18,31,WHERE DO WE GO
2024,JO1,JO1,2024-09-25,47,WHERE DO WE GO
2024,JO1,JO1,2024-10-02,73,WHERE DO WE GO
2024,JO1,JO1,2024-10-09,1,WHERE DO WE GO
2024,JO1,JO1,2024-10-16,12,WHERE DO WE GO
2024,JO1,JO1,2024-10-23,66,WHERE DO WE GO
2024,JO1,JO1,2024-12-18,70,JOin us!!
2024,Kis-My-Ft2,Kis-My-Ft2,2024-01-10,5,HEARTBREAKER
2024,INI,INI,2024-02-14,94,LEGIT
2024,INI,INI,2024-02-21,27,LEGIT
2024,INI,INI,2024-02-28,87,LEGIT
2024,INI,INI,2024-04-10,62,Whatever Happens
2024,INI,INI,2024-06-26,34,LOUD
2024,INI,INI,2024-07-03,1,LOUD
2024,INI,INI,2024-07-10,5,LOUD
2024,INI,INI,2024-07-17,60,LOUD
2024,INI,INI,2024-07-24,98,LOUD
2024,INI,INI,2024-09-11,72,FIRST
2024,INI,INI,2024-10-23,70,WMDA (Where My Drums At)
2024,INI,INI,2024-11-06,1,WMDA (Where My Drums At)
2024,INI,INI,2024-11-13,13,WMDA (Where My Drums At)
2024,FANTASTICS from EXILE TRIBE,FANTASTICS from EXILE TRIBE,2024-10-30,7,Got Boost?
2024,FANTASTICS from EXILE TRIBE,FANTASTICS from EXILE TRIBE,2024-11-06,75,Got Boost?
2024,WEST.,WEST.,2024-05-01,6,ハート
2024,WEST.,WEST.,2024-05-08,88,ハート
2024,WEST.,WEST.,2024-05-29,92,ハート
2024,WEST.,WEST.,2024-09-18,2,まぁいっか!
2024,THE RAMPAGE from EXILE TRIBE,THE RAMPAGE from EXILE TRIBE,2024-02-21,94,Can't Say Goodbye
2024,THE RAMPAGE from EXILE TRIBE,THE RAMPAGE from EXILE TRIBE,2024-02-28,53,Can't Say Goodbye
2024,THE RAMPAGE from EXILE TRIBE,THE RAMPAGE from EXILE TRIBE,2024-03-06,84,100degrees
2024,THE RAMPAGE from EXILE TRIBE,THE RAMPAGE from EXILE TRIBE,2024-03-13,69,100degrees
2024,THE RAMPAGE from EXILE TRIBE,THE RAMPAGE from EXILE TRIBE,2024-05-15,6,CyberHelix
2024,THE RAMPAGE from EXILE TRIBE,THE RAMPAGE from EXILE TRIBE,2024-05-22,49,CyberHelix
2024,THE RAMPAGE from EXILE TRIBE,THE RAMPAGE from EXILE TRIBE,2024-05-29,67,CyberHelix
2024,THE RAMPAGE from EXILE TRIBE,THE RAMPAGE from EXILE TRIBE,2024-06-19,40,24karats GOLD GENESIS
2024,THE RAMPAGE from EXILE TRIBE,THE RAMPAGE from EXILE TRIBE,2024-06-26,44,24karats GOLD GENESIS
2024,THE RAMPAGE from EXILE TRIBE,THE RAMPAGE from EXILE TRIBE,2024-07-03,42,24karats GOLD GENESIS
2024,THE RAMPAGE from EXILE TRIBE,THE RAMPAGE from EXILE TRIBE,2024-07-10,54,24karats GOLD GENESIS
2024,THE RAMPAGE from EXILE TRIBE,THE RAMPAGE from EXILE TRIBE,2024-07-17,69,24karats GOLD GENESIS
2024,THE RAMPAGE from EXILE TRIBE,THE RAMPAGE from EXILE TRIBE,2024-07-24,49,24karats GOLD GENESIS
2024,THE RAMPAGE from EXILE TRIBE,THE RAMPAGE from EXILE TRIBE,2024-07-31,1,24karats GOLD GENESIS
2024,THE RAMPAGE from EXILE TRIBE,THE RAMPAGE from EXILE TRIBE,2024-08-07,18,24karats GOLD GENESIS
2024,THE RAMPAGE from EXILE TRIBE,THE RAMPAGE from EXILE TRIBE,2024-08-14,52,24karats GOLD GENESIS
2024,THE RAMPAGE from EXILE TRIBE,THE RAMPAGE from EXILE TRIBE,2024-10-16,60,Endless Happy-Ending
2024,THE RAMPAGE from EXILE TRIBE,THE RAMPAGE from EXILE TRIBE,2024-11-06,4,Endless Happy-Ending
2024,THE RAMPAGE from EXILE TRIBE,THE RAMPAGE from EXILE TRIBE,2024-11-13,34,Endless Happy-Ending
2024,THE RAMPAGE from EXILE TRIBE,THE RAMPAGE from EXILE TRIBE,2024-11-20,83,Endless Happy-Ending
2024,THE RAMPAGE from EXILE TRIBE,THE RAMPAGE from EXILE TRIBE,2024-12-25,100,Drown Out The Noise
2024,DXTEEN,DXTEEN,2024-02-07,14,Snowin'
2024,DXTEEN,DXTEEN,2024-12-11,8,Level Up
2024,原因は自分にある。,原因は自分にある。,2024-01-17,57,ダイヤモンドリリー
2024,原因は自分にある。,原因は自分にある。,2024-01-24,29,ダイヤモンドリリー
2024,原因は自分にある。,原因は自分にある。,2024-01-31,49,ダイヤモンドリリー
2024,原因は自分にある。,原因は自分にある。,2024-02-07,87,ダイヤモンドリリー
2024,原因は自分にある。,原因は自分にある。,2024-02-21,31,マルチバース・アドベンチャー
2024,原因は自分にある。,原因は自分にある。,2024-02-28,40,マルチバース・アドベンチャー
2024,原因は自分にある。,原因は自分にある。,2024-03-06,63,マルチバース・アドベンチャー
2024,原因は自分にある。,原因は自分にある。,2024-03-20,65,推論的に宇宙人
2024,原因は自分にある。,原因は自分にある。,2024-03-27,34,推論的に宇宙人
2024,原因は自分にある。,原因は自分にある。,2024-04-03,43,推論的に宇宙人
2024,原因は自分にある。,原因は自分にある。,2024-04-10,64,推論的に宇宙人
2024,原因は自分にある。,原因は自分にある。,2024-05-15,40,Mania
2024,原因は自分にある。,原因は自分にある。,2024-05-22,61,Mania
2024,原因は自分にある。,原因は自分にある。,2024-05-29,77,Mania
2024,原因は自分にある。,原因は自分にある。,2024-07-17,46,P-P-P-PERO
2024,原因は自分にある。,原因は自分にある。,2024-07-24,63,P-P-P-PERO
2024,原因は自分にある。,原因は自分にある。,2024-07-31,96,P-P-P-PERO
2024,原因は自分にある。,原因は自分にある。,2024-10-23,48,原因は自分にある。【別解】
2024,原因は自分にある。,原因は自分にある。,2024-10-30,59,原因は自分にある。【別解】
2024,原因は自分にある。,原因は自分にある。,2024-11-06,78,原因は自分にある。【別解】
2024,原因は自分にある。,原因は自分にある。,2024-11-27,62,夢之相 - イメノアイ
2024,原因は自分にある。,原因は自分にある。,2024-12-04,64,Operation Ego
2024,原因は自分にある。,原因は自分にある。,2024-12-11,100,Operation Ego
2024,超特急,超特急,2024-04-10,47,ジュブナイラー
2024,超特急,超特急,2024-04-17,29,ジュブナイラー
2024,超特急,超特急,2024-04-24,32,ジュブナイラー
2024,超特急,超特急,2024-05-01,46,ジュブナイラー
2024,超特急,超特急,2024-05-08,83,ジュブナイラー
2024,超特急,超特急,2024-11-06,49,AwA AwA
2024,超特急,超特急,2024-11-13,1,AwA AwA
2024,超特急,超特急,2024-11-20,30,AwA AwA
2024,超特急,超特急,2024-11-27,52,AwA AwA
2024,超特急,超特急,2024-12-04,32,AwA AwA
2024,A.B.C-Z,A.B.C-Z,2024-06-12,41,君じゃなきゃだめなんだ
2024,A.B.C-Z,A.B.C-Z,2024-12-04,27,ヒリヒリさせて
2024,IMP.,IMP.,2024-02-28,11,SWITCHing
2024,IMP.,IMP.,2024-06-05,37,NINNIN JACK
2024,IMP.,IMP.,2024-10-30,98,BAM-BOO
2024,IMP.,IMP.,2024-11-27,79,ミチシルベ
2024,IMP.,IMP.,2024-12-25,9,BAM-BOO
2024,LIL LEAGUE from EXILE TRIBE,LIL LEAGUE from EXILE TRIBE,2024-08-07,5,Youth Spark
2024,DOMOTO,KinKi Kids,2024-01-03,4,シュレーディンガー
2024,BUDDiiS,BUDDiiS,2024-03-13,29,JUBiiLEE
2024,BUDDiiS,BUDDiiS,2024-03-20,28,JUBiiLEE
2024,BUDDiiS,BUDDiiS,2024-03-27,44,JUBiiLEE
2024,BUDDiiS,BUDDiiS,2024-04-03,66,JUBiiLEE
2024,BUDDiiS,BUDDiiS,2024-05-29,39,HONEY
2024,BUDDiiS,BUDDiiS,2024-06-05,34,HONEY
2024,BUDDiiS,BUDDiiS,2024-06-12,52,HONEY
2024,BUDDiiS,BUDDiiS,2024-06-19,90,HONEY
2024,BALLISTIK BOYZ from EXILE TRIBE,BALLISTIK BOYZ from EXILE TRIBE,2024-05-29,35,HIGHER EX
2024,BALLISTIK BOYZ from EXILE TRIBE,BALLISTIK BOYZ from EXILE TRIBE,2024-12-11,5,SAY IT
2024,ONE N' ONLY,ONE N' ONLY,2024-03-13,94,TALKIN'
2024,ONE N' ONLY,ONE N' ONLY,2024-04-24,81,DOMINO
2024,ONE N' ONLY,ONE N' ONLY,2024-10-09,88,Fiesta
2024,ONE N' ONLY,ONE N' ONLY,2024-10-23,83,Fiesta
2024,ONE N' ONLY,ONE N' ONLY,2024-12-25,91,Ring The Bells
2024,SUPER★DRAGON,SUPER★DRAGON,2024-03-13,7,New Rise
2024,SUPER★DRAGON,SUPER★DRAGON,2024-09-18,24,Downforce
2024,ICEx,ICEx,2024-05-15,11,ビリミ
2024,ICEx,ICEx,2024-05-22,86,ビリミ
2024,Lienel,Lienel,2024-05-01,17,Melty flowers
2024,Lienel,Lienel,2024-08-28,19,Curry on love
2024,OCTPATH,OCTPATH,2024-02-28,4,OCTAVE
2024,OCTPATH,OCTPATH,2024-07-24,5,FUN
2024,OWV,OWV,2024-02-14,9,BREMEN
2024,OWV,OWV,2024-06-19,8,LOVE BANDITZ
2024,OWV,OWV,2024-10-30,6,Frontier
2024,ORβIT,ORβIT,2024-02-07,60,Bull's Eye
2024,Aぇ! group,Aぇ! group,2024-05-22,2,≪A≫BEGINNING
2024,Aぇ! group,Aぇ! group,2024-05-29,31,≪A≫BEGINNING
2024,Aぇ! group,Aぇ! group,2024-10-16,1,Gotta Be
2025,純烈,純烈,2025-06-18,92,二人だけの秘密
2025,BE:FIRST,BE:FIRST,2025-01-01,91,Sailing
2025,BE:FIRST,BE:FIRST,2025-01-08,90,Sailing
2025,BE:FIRST,BE:FIRST,2025-01-15,90,Sailing
2025,BE:FIRST,BE:FIRST,2025-02-12,1,Spacecraft
2025,BE:FIRST,BE:FIRST,2025-02-12,72,Sailing
2025,BE:FIRST,BE:FIRST,2025-02-19,4,Spacecraft
2025,BE:FIRST,BE:FIRST,2025-02-19,79,Sailing
2025,BE:FIRST,BE:FIRST,2025-02-26,14,Spacecraft
2025,BE:FIRST,BE:FIRST,2025-03-05,36,Spacecraft
2025,BE:FIRST,BE:FIRST,2025-03-12,54,Spacecraft
2025,BE:FIRST,BE:FIRST,2025-03-19,72,Spacecraft
2025,BE:FIRST,BE:FIRST,2025-03-26,97,Spacecraft
2025,BE:FIRST,BE:FIRST,2025-04-30,13,夢中
2025,BE:FIRST,BE:FIRST,2025-05-07,19,夢中
2025,BE:FIRST,BE:FIRST,2025-05-14,19,夢中
2025,BE:FIRST,BE:FIRST,2025-05-21,14,夢中
2025,BE:FIRST,BE:FIRST,2025-05-28,15,夢中
2025,BE:FIRST,BE:FIRST,2025-06-04,1,GRIT
2025,BE:FIRST,BE:FIRST,2025-06-04,8,夢中
2025,BE:FIRST,BE:FIRST,2025-06-11,6,GRIT
2025,BE:FIRST,BE:FIRST,2025-06-11,11,夢中
2025,BE:FIRST,BE:FIRST,2025-06-18,13,夢中
2025,BE:FIRST,BE:FIRST,2025-06-18,19,GRIT
2025,BE:FIRST,BE:FIRST,2025-06-25,14,夢中
2025,BE:FIRST,BE:FIRST,2025-06-25,32,GRIT
2025,BE:FIRST,BE:FIRST,2025-07-02,9,夢中
2025,BE:FIRST,BE:FIRST,2025-07-02,49,GRIT
2025,BE:FIRST,BE:FIRST,2025-07-09,7,夢中
2025,BE:FIRST,BE:FIRST,2025-07-09,71,GRIT
2025,BE:FIRST,BE:FIRST,2025-07-16,5,空
2025,BE:FIRST,BE:FIRST,2025-07-16,9,夢中
2025,BE:FIRST,BE:FIRST,2025-07-23,14,夢中
2025,BE:FIRST,BE:FIRST,2025-07-23,33,空
2025,BE:FIRST,BE:FIRST,2025-07-30,20,夢中
2025,BE:FIRST,BE:FIRST,2025-07-30,47,空
2025,BE:FIRST,BE:FIRST,2025-08-06,19,夢中
2025,BE:FIRST,BE:FIRST,2025-08-06,67,空
2025,BE:FIRST,BE:FIRST,2025-08-13,21,夢中
2025,BE:FIRST,BE:FIRST,2025-08-13,75,空
2025,BE:FIRST,BE:FIRST,2025-08-20,21,夢中
2025,BE:FIRST,BE:FIRST,2025-08-20,96,空
2025,BE:FIRST,BE:FIRST,2025-08-27,23,夢中
2025,BE:FIRST,BE:FIRST,2025-08-27,79,空
2025,BE:FIRST,BE:FIRST,2025-09-03,2,Secret Garden
2025,BE:FIRST,BE:FIRST,2025-09-03,24,夢中
2025,BE:FIRST,BE:FIRST,2025-09-03,84,空
2025,BE:FIRST,BE:FIRST,2025-09-10,6,Secret Garden
2025,BE:FIRST,BE:FIRST,2025-09-10,28,夢中
2025,BE:FIRST,BE:FIRST,2025-09-10,61,空
2025,BE:FIRST,BE:FIRST,2025-09-17,13,Secret Garden
2025,BE:FIRST,BE:FIRST,2025-09-17,30,夢中
2025,BE:FIRST,BE:FIRST,2025-09-17,58,空
2025,BE:FIRST,BE:FIRST,2025-09-24,2,空
2025,BE:FIRST,BE:FIRST,2025-09-24,27,夢中
2025,BE:FIRST,BE:FIRST,2025-09-24,30,Secret Garden
2025,BE:FIRST,BE:FIRST,2025-10-01,15,空
2025,BE:FIRST,BE:FIRST,2025-10-01,31,夢中
2025,BE:FIRST,BE:FIRST,2025-10-01,49,Secret Garden
2025,BE:FIRST,BE:FIRST,2025-10-08,27,夢中
2025,BE:FIRST,BE:FIRST,2025-10-08,31,空
2025,BE:FIRST,BE:FIRST,2025-10-08,63,Secret Garden
2025,BE:FIRST,BE:FIRST,2025-10-15,3,Stare In Wonder
2025,BE:FIRST,BE:FIRST,2025-10-15,31,夢中
2025,BE:FIRST,BE:FIRST,2025-10-15,57,空
2025,BE:FIRST,BE:FIRST,2025-10-15,71,Secret Garden
2025,BE:FIRST,BE:FIRST,2025-10-22,16,Stare In Wonder
2025,BE:FIRST,BE:FIRST,2025-10-22,36,夢中
2025,BE:FIRST,BE:FIRST,2025-10-22,60,空
2025,BE:FIRST,BE:FIRST,2025-10-29,27,夢中
2025,BE:FIRST,BE:FIRST,2025-10-29,29,Stare In Wonder
2025,BE:FIRST,BE:FIRST,2025-10-29,80,空
2025,BE:FIRST,BE:FIRST,2025-11-05,4,I Want You Back
2025,BE:FIRST,BE:FIRST,2025-11-05,21,夢中
2025,BE:FIRST,BE:FIRST,2025-11-05,57,Stare In Wonder
2025,BE:FIRST,BE:FIRST,2025-11-05,99,空
2025,BE:FIRST,BE:FIRST,2025-11-12,9,I Want You Back
2025,BE:FIRST,BE:FIRST,2025-11-12,22,夢中
2025,BE:FIRST,BE:FIRST,2025-11-12,72,Stare In Wonder
2025,BE:FIRST,BE:FIRST,2025-11-19,8,I Want You Back
2025,BE:FIRST,BE:FIRST,2025-11-19,23,夢中
2025,BE:FIRST,BE:FIRST,2025-11-19,88,Stare In Wonder
2025,BE:FIRST,BE:FIRST,2025-11-26,23,I Want You Back
2025,BE:FIRST,BE:FIRST,2025-11-26,26,夢中
2025,BE:FIRST,BE:FIRST,2025-12-03,23,夢中
2025,BE:FIRST,BE:FIRST,2025-12-03,38,I Want You Back
2025,BE:FIRST,BE:FIRST,2025-12-10,17,夢中
2025,BE:FIRST,BE:FIRST,2025-12-10,53,I Want You Back
2025,BE:FIRST,BE:FIRST,2025-12-17,1,街灯
2025,BE:FIRST,BE:FIRST,2025-12-17,15,夢中
2025,BE:FIRST,BE:FIRST,2025-12-17,66,I Want You Back
2025,BE:FIRST,BE:FIRST,2025-12-24,6,街灯
2025,BE:FIRST,BE:FIRST,2025-12-24,14,夢中
2025,BE:FIRST,BE:FIRST,2025-12-24,81,I Want You Back
2025,BE:FIRST,BE:FIRST,2025-12-31,14,夢中
2025,BE:FIRST,BE:FIRST,2025-12-31,17,街灯
2025,M!LK,M!LK,2025-02-26,45,イイじゃん
2025,M!LK,M!LK,2025-03-05,60,イイじゃん
2025,M!LK,M!LK,2025-03-12,48,イイじゃん
2025,M!LK,M!LK,2025-03-19,65,イイじゃん
2025,M!LK,M!LK,2025-06-25,43,wan
2025,M!LK,M!LK,2025-07-02,24,wan
2025,M!LK,M!LK,2025-07-09,46,wan
2025,M!LK,M!LK,2025-07-16,3,アオノオト
2025,M!LK,M!LK,2025-07-16,76,wan
2025,M!LK,M!LK,2025-07-23,12,アオノオト
2025,M!LK,M!LK,2025-07-30,39,アオノオト
2025,M!LK,M!LK,2025-08-06,53,アオノオト
2025,M!LK,M!LK,2025-08-13,51,アオノオト
2025,M!LK,M!LK,2025-11-05,15,好きすぎて滅!
2025,M!LK,M!LK,2025-11-12,14,好きすぎて滅!
2025,M!LK,M!LK,2025-11-19,12,好きすぎて滅!
2025,M!LK,M!LK,2025-11-26,19,好きすぎて滅!
2025,M!LK,M!LK,2025-12-03,10,好きすぎて滅!
2025,M!LK,M!LK,2025-12-03,80,イイじゃん
2025,M!LK,M!LK,2025-12-10,10,好きすぎて滅!
2025,M!LK,M!LK,2025-12-17,13,好きすぎて滅!
2025,M!LK,M!LK,2025-12-17,85,イイじゃん
2025,M!LK,M!LK,2025-12-24,8,好きすぎて滅!
2025,M!LK,M!LK,2025-12-24,77,イイじゃん
2025,M!LK,M!LK,2025-12-31,3,好きすぎて滅!
2025,M!LK,M!LK,2025-12-31,62,イイじゃん
2025,Snow Man,Snow Man,2025-04-16,48,ブラザービート
2025,Snow Man,Snow Man,2025-04-16,52,タペストリー
2025,Snow Man,Snow Man,2025-04-16,64,Dangerholic
2025,Snow Man,Snow Man,2025-04-16,77,D.D.
2025,Snow Man,Snow Man,2025-04-16,87,EMPIRE
2025,Snow Man,Snow Man,2025-04-16,98,SBY
2025,Snow Man,Snow Man,2025-04-23,75,ブラザービート
2025,Snow Man,Snow Man,2025-04-30,87,ブラザービート
2025,Snow Man,Snow Man,2025-06-18,78,SERIOUS
2025,Snow Man,Snow Man,2025-07-30,1,SERIOUS
2025,Snow Man,Snow Man,2025-08-06,7,SERIOUS
2025,Snow Man,Snow Man,2025-08-13,27,SERIOUS
2025,Snow Man,Snow Man,2025-08-20,49,SERIOUS
2025,Snow Man,Snow Man,2025-08-27,95,SERIOUS
2025,Snow Man,Snow Man,2025-09-03,1,カリスマックス
2025,Snow Man,Snow Man,2025-09-03,71,SERIOUS
2025,Snow Man,Snow Man,2025-09-10,3,カリスマックス
2025,Snow Man,Snow Man,2025-09-10,97,SERIOUS
2025,Snow Man,Snow Man,2025-09-17,7,カリスマックス
2025,Snow Man,Snow Man,2025-09-24,11,カリスマックス
2025,Snow Man,Snow Man,2025-10-01,19,カリスマックス
2025,Snow Man,Snow Man,2025-10-08,16,カリスマックス
2025,Snow Man,Snow Man,2025-10-15,15,TRUE LOVE
2025,Snow Man,Snow Man,2025-10-15,20,カリスマックス
2025,Snow Man,Snow Man,2025-10-22,11,BOOST
2025,Snow Man,Snow Man,2025-10-22,23,カリスマックス
2025,Snow Man,Snow Man,2025-10-22,43,TRUE LOVE
2025,Snow Man,Snow Man,2025-10-29,24,カリスマックス
2025,Snow Man,Snow Man,2025-10-29,48,BOOST
2025,Snow Man,Snow Man,2025-10-29,75,TRUE LOVE
2025,Snow Man,Snow Man,2025-11-05,22,カリスマックス
2025,Snow Man,Snow Man,2025-11-05,69,BOOST
2025,Snow Man,Snow Man,2025-11-05,76,悪戯な天使
2025,Snow Man,Snow Man,2025-11-12,16,カリスマックス
2025,Snow Man,Snow Man,2025-11-12,64,BOOST
2025,Snow Man,Snow Man,2025-11-12,84,TRUE LOVE
2025,Snow Man,Snow Man,2025-11-19,14,カリスマックス
2025,Snow Man,Snow Man,2025-11-19,77,TRUE LOVE
2025,Snow Man,Snow Man,2025-11-19,83,BOOST
2025,Snow Man,Snow Man,2025-11-19,86,悪戯な天使
2025,Snow Man,Snow Man,2025-11-26,27,カリスマックス
2025,Snow Man,Snow Man,2025-11-26,75,SERIOUS
2025,Snow Man,Snow Man,2025-12-03,26,カリスマックス
2025,Snow Man,Snow Man,2025-12-10,13,カリスマックス
2025,Snow Man,Snow Man,2025-12-17,8,カリスマックス
2025,Snow Man,Snow Man,2025-12-24,9,カリスマックス
2025,Snow Man,Snow Man,2025-12-31,4,カリスマックス
2025,King & Prince,King & Prince,2025-03-19,1,HEART
2025,King & Prince,King & Prince,2025-03-19,96,I MY ME MINE
2025,King & Prince,King & Prince,2025-03-26,18,HEART
2025,King & Prince,King & Prince,2025-04-02,37,HEART
2025,King & Prince,King & Prince,2025-04-09,51,HEART
2025,King & Prince,King & Prince,2025-04-16,61,HEART
2025,King & Prince,King & Prince,2025-04-23,64,HEART
2025,King & Prince,King & Prince,2025-04-30,89,HEART
2025,King & Prince,King & Prince,2025-05-28,40,What We Got 〜奇跡はきみと〜
2025,King & Prince,King & Prince,2025-06-04,66,What We Got 〜奇跡はきみと〜
2025,King & Prince,King & Prince,2025-08-06,31,I Know
2025,King & Prince,King & Prince,2025-08-13,1,What We Got 〜奇跡はきみと〜
2025,King & Prince,King & Prince,2025-08-13,32,I Know
2025,King & Prince,King & Prince,2025-08-20,74,What We Got 〜奇跡はきみと〜
2025,King & Prince,King & Prince,2025-08-20,84,I Know
2025,King & Prince,King & Prince,2025-12-24,47,Theater
2025,King & Prince,King & Prince,2025-12-31,2,Theater
2025,King & Prince,King & Prince,2025-12-31,35,希望の丘
2025,嵐,嵐,2025-05-14,67,Love so sweet
2025,嵐,嵐,2025-05-14,77,Happiness
2025,嵐,嵐,2025-05-21,75,Happiness
2025,嵐,嵐,2025-05-21,76,Love so sweet
2025,ONE OR EIGHT,ONE OR EIGHT,2025-07-09,51,365
2025,ONE OR EIGHT,ONE OR EIGHT,2025-07-16,79,365
2025,Da-iCE,Da-iCE,2025-01-01,19,I wonder
2025,Da-iCE,Da-iCE,2025-01-08,10,I wonder
2025,Da-iCE,Da-iCE,2025-01-08,80,CITRUS
2025,Da-iCE,Da-iCE,2025-01-08,97,スターマイン
2025,Da-iCE,Da-iCE,2025-01-15,15,I wonder
2025,Da-iCE,Da-iCE,2025-01-15,93,CITRUS
2025,Da-iCE,Da-iCE,2025-01-22,18,I wonder
2025,Da-iCE,Da-iCE,2025-01-22,98,CITRUS
2025,Da-iCE,Da-iCE,2025-01-29,21,I wonder
2025,Da-iCE,Da-iCE,2025-01-29,99,CITRUS
2025,Da-iCE,Da-iCE,2025-02-05,30,I wonder
2025,Da-iCE,Da-iCE,2025-02-12,28,I wonder
2025,Da-iCE,Da-iCE,2025-02-19,27,I wonder
2025,Da-iCE,Da-iCE,2025-02-26,29,I wonder
2025,Da-iCE,Da-iCE,2025-03-05,37,I wonder
2025,Da-iCE,Da-iCE,2025-03-12,41,I wonder
2025,Da-iCE,Da-iCE,2025-03-19,44,I wonder
2025,Da-iCE,Da-iCE,2025-03-26,44,I wonder
2025,Da-iCE,Da-iCE,2025-04-02,43,I wonder
2025,Da-iCE,Da-iCE,2025-04-09,36,I wonder
2025,Da-iCE,Da-iCE,2025-04-16,42,I wonder
2025,Da-iCE,Da-iCE,2025-04-23,42,I wonder
2025,Da-iCE,Da-iCE,2025-04-30,43,I wonder
2025,Da-iCE,Da-iCE,2025-05-07,45,I wonder
2025,Da-iCE,Da-iCE,2025-05-14,44,I wonder
2025,Da-iCE,Da-iCE,2025-05-21,49,I wonder
2025,Da-iCE,Da-iCE,2025-05-28,55,I wonder
2025,Da-iCE,Da-iCE,2025-06-18,99,I wonder
2025,Da-iCE,Da-iCE,2025-07-23,72,ノンフィクションズ
2025,Da-iCE,Da-iCE,2025-07-30,58,ノンフィクションズ
2025,Da-iCE,Da-iCE,2025-08-06,62,ノンフィクションズ
2025,Da-iCE,Da-iCE,2025-08-13,52,ノンフィクションズ
2025,Da-iCE,Da-iCE,2025-08-20,59,ノンフィクションズ
2025,Da-iCE,Da-iCE,2025-08-27,30,ノンフィクションズ
2025,Da-iCE,Da-iCE,2025-09-03,38,ノンフィクションズ
2025,Da-iCE,Da-iCE,2025-09-10,60,ノンフィクションズ
2025,Da-iCE,Da-iCE,2025-09-17,78,ノンフィクションズ
2025,Da-iCE,Da-iCE,2025-09-24,85,ノンフィクションズ
2025,&TEAM,&TEAM,2025-04-23,66,Go in Blind (月狼)
2025,&TEAM,&TEAM,2025-04-30,2,Go in Blind (月狼)
2025,&TEAM,&TEAM,2025-05-07,92,Go in Blind (月狼)
2025,&TEAM,&TEAM,2025-06-18,49,Go in Blind (月狼)
2025,&TEAM,&TEAM,2025-06-25,97,Go in Blind (月狼)
2025,&TEAM,&TEAM,2025-07-30,7,Go in Blind (月狼)
2025,&TEAM,&TEAM,2025-08-06,61,Go in Blind (月狼)
2025,&TEAM,&TEAM,2025-08-13,96,Go in Blind (月狼)
2025,&TEAM,&TEAM,2025-11-05,26,Back to Life
2025,&TEAM,&TEAM,2025-12-10,42,Back to Life
2025,Number_i,Number_i,2025-01-01,50,GOAT
2025,Number_i,Number_i,2025-01-01,70,INZM
2025,Number_i,Number_i,2025-01-01,72,HIRAKEGOMA
2025,Number_i,Number_i,2025-01-01,84,BON
2025,Number_i,Number_i,2025-01-08,59,GOAT
2025,Number_i,Number_i,2025-01-08,68,INZM
2025,Number_i,Number_i,2025-01-08,73,BON
2025,Number_i,Number_i,2025-01-08,83,HIRAKEGOMA
2025,Number_i,Number_i,2025-01-15,78,INZM
2025,Number_i,Number_i,2025-01-15,80,BON
2025,Number_i,Number_i,2025-01-15,83,GOAT
2025,Number_i,Number_i,2025-01-15,100,HIRAKEGOMA
2025,Number_i,Number_i,2025-01-22,82,BON
2025,Number_i,Number_i,2025-01-22,94,INZM
2025,Number_i,Number_i,2025-01-29,87,BON
2025,Number_i,Number_i,2025-01-29,97,INZM
2025,Number_i,Number_i,2025-02-05,1,GOD_i
2025,Number_i,Number_i,2025-02-05,86,BON
2025,Number_i,Number_i,2025-02-05,91,INZM
2025,Number_i,Number_i,2025-02-12,13,GOD_i
2025,Number_i,Number_i,2025-02-12,87,BON
2025,Number_i,Number_i,2025-02-12,88,INZM
2025,Number_i,Number_i,2025-02-19,29,GOD_i
2025,Number_i,Number_i,2025-02-19,87,BON
2025,Number_i,Number_i,2025-02-19,93,INZM
2025,Number_i,Number_i,2025-02-26,43,GOD_i
2025,Number_i,Number_i,2025-02-26,93,BON
2025,Number_i,Number_i,2025-02-26,95,INZM
2025,Number_i,Number_i,2025-03-05,61,GOD_i
2025,Number_i,Number_i,2025-03-12,63,GOD_i
2025,Number_i,Number_i,2025-03-19,71,GOD_i
2025,Number_i,Number_i,2025-03-26,74,GOD_i
2025,Number_i,Number_i,2025-04-02,65,GOD_i
2025,Number_i,Number_i,2025-04-09,80,GOD_i
2025,Number_i,Number_i,2025-04-16,70,GOD_i
2025,Number_i,Number_i,2025-04-23,76,GOD_i
2025,Number_i,Number_i,2025-04-30,71,GOD_i
2025,Number_i,Number_i,2025-05-07,93,GOD_i
2025,Number_i,Number_i,2025-05-14,90,GOD_i
2025,Number_i,Number_i,2025-05-21,72,GOD_i
2025,Number_i,Number_i,2025-05-28,1,GOD_i
2025,Number_i,Number_i,2025-05-28,59,i_DOG
2025,Number_i,Number_i,2025-05-28,65,Psycho
2025,Number_i,Number_i,2025-05-28,74,ロミジュリ
2025,Number_i,Number_i,2025-05-28,78,Frisco
2025,Number_i,Number_i,2025-06-04,29,GOD_i
2025,Number_i,Number_i,2025-06-11,45,GOD_i
2025,Number_i,Number_i,2025-06-11,93,BON
2025,Number_i,Number_i,2025-06-18,48,GOD_i
2025,Number_i,Number_i,2025-06-18,80,BON
2025,Number_i,Number_i,2025-06-25,42,GOD_i
2025,Number_i,Number_i,2025-06-25,94,BON
2025,Number_i,Number_i,2025-07-02,68,GOD_i
2025,Number_i,Number_i,2025-07-09,64,GOD_i
2025,Number_i,Number_i,2025-07-16,72,GOD_i
2025,Number_i,Number_i,2025-07-23,83,GOD_i
2025,Number_i,Number_i,2025-07-30,73,GOD_i
2025,Number_i,Number_i,2025-08-06,85,GOD_i
2025,Number_i,Number_i,2025-08-13,84,GOD_i
2025,Number_i,Number_i,2025-08-20,1,未確認領域
2025,Number_i,Number_i,2025-08-20,71,GOD_i
2025,Number_i,Number_i,2025-08-20,82,BON
2025,Number_i,Number_i,2025-08-20,90,INZM
2025,Number_i,Number_i,2025-08-27,24,未確認領域
2025,Number_i,Number_i,2025-09-03,35,未確認領域
2025,Number_i,Number_i,2025-09-03,89,GOD_i
2025,Number_i,Number_i,2025-09-03,90,BON
2025,Number_i,Number_i,2025-09-03,98,INZM
2025,Number_i,Number_i,2025-09-10,40,未確認領域
2025,Number_i,Number_i,2025-09-10,87,BON
2025,Number_i,Number_i,2025-09-10,91,GOD_i
2025,Number_i,Number_i,2025-09-10,98,INZM
2025,Number_i,Number_i,2025-09-17,54,未確認領域
2025,Number_i,Number_i,2025-09-24,4,Numbers Ur Zone
2025,Number_i,Number_i,2025-09-24,32,未確認領域
2025,Number_i,Number_i,2025-09-24,48,GOD_i
2025,Number_i,Number_i,2025-09-24,77,BON
2025,Number_i,Number_i,2025-09-24,91,INZM
2025,Number_i,Number_i,2025-10-01,27,Numbers Ur Zone
2025,Number_i,Number_i,2025-10-01,47,未確認領域
2025,Number_i,Number_i,2025-10-01,63,GOD_i
2025,Number_i,Number_i,2025-10-01,73,ピンクストロベリーチョコレートフライデー
2025,Number_i,Number_i,2025-10-01,82,ATAMI
2025,Number_i,Number_i,2025-10-08,39,Numbers Ur Zone
2025,Number_i,Number_i,2025-10-08,57,未確認領域
2025,Number_i,Number_i,2025-10-08,69,GOD_i
2025,Number_i,Number_i,2025-10-15,54,Numbers Ur Zone
2025,Number_i,Number_i,2025-10-15,78,未確認領域
2025,Number_i,Number_i,2025-10-15,89,GOD_i
2025,Number_i,Number_i,2025-10-22,69,Numbers Ur Zone
2025,Number_i,Number_i,2025-10-22,86,GOD_i
2025,Number_i,Number_i,2025-10-22,91,未確認領域
2025,Number_i,Number_i,2025-10-29,73,Numbers Ur Zone
2025,Number_i,Number_i,2025-10-29,90,GOD_i
2025,Number_i,Number_i,2025-10-29,92,未確認領域
2025,Number_i,Number_i,2025-11-05,82,Numbers Ur Zone
2025,Number_i,Number_i,2025-11-05,95,未確認領域
2025,Number_i,Number_i,2025-11-05,96,GOD_i
2025,Number_i,Number_i,2025-11-12,79,Numbers Ur Zone
2025,Number_i,Number_i,2025-11-12,82,GOD_i
2025,Number_i,Number_i,2025-11-12,92,未確認領域
2025,Number_i,Number_i,2025-11-19,67,GOD_i
2025,Number_i,Number_i,2025-11-19,81,Numbers Ur Zone
2025,Number_i,Number_i,2025-11-19,100,未確認領域
2025,Number_i,Number_i,2025-11-26,45,GOD_i
2025,Number_i,Number_i,2025-11-26,88,Numbers Ur Zone
2025,Number_i,Number_i,2025-12-03,74,GOD_i
2025,Number_i,Number_i,2025-12-03,81,Numbers Ur Zone
2025,Number_i,Number_i,2025-12-10,2,LAVALAVA
2025,Number_i,Number_i,2025-12-10,93,Numbers Ur Zone
2025,Number_i,Number_i,2025-12-10,97,GOD_i
2025,Number_i,Number_i,2025-12-17,33,LAVALAVA
2025,Number_i,Number_i,2025-12-24,44,LAVALAVA
2025,Number_i,Number_i,2025-12-24,84,Numbers Ur Zone
2025,Number_i,Number_i,2025-12-31,64,LAVALAVA
2025,EXILE,EXILE,2025-10-01,43,Get-go!
2025,SixTONES,SixTONES,2025-03-26,2,バリア
2025,SixTONES,SixTONES,2025-04-02,20,バリア
2025,SixTONES,SixTONES,2025-05-28,73,バリア
2025,SixTONES,SixTONES,2025-05-28,90,こっから
2025,SixTONES,SixTONES,2025-06-04,100,バリア
2025,SixTONES,SixTONES,2025-06-11,1,BOYZ
2025,SixTONES,SixTONES,2025-06-11,96,バリア
2025,SixTONES,SixTONES,2025-06-18,14,BOYZ
2025,SixTONES,SixTONES,2025-07-16,13,Stargaze
2025,SixTONES,SixTONES,2025-09-17,2,Stargaze
2025,SixTONES,SixTONES,2025-09-24,55,Stargaze
2025,timelesz,timelesz,2025-03-05,5,Rock this Party
2025,timelesz,Sexy Zone,2025-03-05,57,RUN
2025,timelesz,Sexy Zone,2025-03-05,95,人生遊戯
2025,timelesz,timelesz,2025-03-12,9,Rock this Party
2025,timelesz,Sexy Zone,2025-03-12,29,RUN
2025,timelesz,Sexy Zone,2025-03-12,50,ぎゅっと
2025,timelesz,Sexy Zone,2025-03-12,64,人生遊戯
2025,timelesz,timelesz,2025-03-12,83,Anthem
2025,timelesz,timelesz,2025-03-19,13,Rock this Party
2025,timelesz,Sexy Zone,2025-03-19,49,RUN
2025,timelesz,Sexy Zone,2025-03-19,86,ぎゅっと
2025,timelesz,timelesz,2025-03-26,10,Rock this Party
2025,timelesz,Sexy Zone,2025-03-26,55,RUN
2025,timelesz,timelesz,2025-04-02,9,Rock this Party
2025,timelesz,Sexy Zone,2025-04-02,58,RUN
2025,timelesz,timelesz,2025-04-09,18,Rock this Party
2025,timelesz,Sexy Zone,2025-04-09,79,RUN
2025,timelesz,timelesz,2025-04-16,27,Rock this Party
2025,timelesz,timelesz,2025-04-23,39,Rock this Party
2025,timelesz,timelesz,2025-04-30,58,Rock this Party
2025,timelesz,timelesz,2025-05-07,59,Rock this Party
2025,timelesz,timelesz,2025-05-14,68,Rock this Party
2025,timelesz,timelesz,2025-05-14,79,ワンアンドオンリー
2025,timelesz,timelesz,2025-05-21,84,Rock this Party
2025,timelesz,timelesz,2025-06-11,100,Rock this Party
2025,timelesz,timelesz,2025-11-19,2,Steal The Show
2025,NEWS,NEWS,2025-01-01,71,チャンカパーナ
2025,NEWS,NEWS,2025-01-08,61,チャンカパーナ
2025,NEWS,NEWS,2025-01-15,77,チャンカパーナ
2025,NEWS,NEWS,2025-01-22,90,チャンカパーナ
2025,NEWS,NEWS,2025-01-29,100,チャンカパーナ
2025,NEWS,NEWS,2025-06-11,40,チャンカパーナ
2025,NEWS,NEWS,2025-06-18,66,チャンカパーナ
2025,NEWS,NEWS,2025-06-25,74,チャンカパーナ
2025,NEWS,NEWS,2025-07-02,86,チャンカパーナ
2025,NEWS,NEWS,2025-07-09,76,チャンカパーナ
2025,NEWS,NEWS,2025-07-16,88,チャンカパーナ
2025,NEWS,NEWS,2025-07-30,87,チャンカパーナ
2025,NEWS,NEWS,2025-08-13,94,チャンカパーナ
2025,NEWS,NEWS,2025-08-20,92,チャンカパーナ
2025,NEWS,NEWS,2025-08-27,100,チャンカパーナ
2025,NEWS,NEWS,2025-09-03,95,チャンカパーナ
2025,NEWS,NEWS,2025-12-17,97,チャンカパーナ
2025,NEWS,NEWS,2025-12-24,93,チャンカパーナ
2025,NEWS,NEWS,2025-12-31,93,チャンカパーナ
2025,MAZZEL,MAZZEL,2025-02-26,18,J.O.K.E.R.
2025,MAZZEL,MAZZEL,2025-04-16,24,King Kila Game
2025,MAZZEL,MAZZEL,2025-04-23,85,King Kila Game
2025,MAZZEL,MAZZEL,2025-08-27,11,DANGER
2025,MAZZEL,MAZZEL,2025-09-03,99,DANGER
2025,MAZZEL,MAZZEL,2025-11-12,8,Only You
2025,MAZZEL,MAZZEL,2025-11-19,32,Only You
2025,MAZZEL,MAZZEL,2025-11-26,57,Only You
2025,MAZZEL,MAZZEL,2025-12-03,3,Only You
2025,MAZZEL,MAZZEL,2025-12-10,30,Only You
2025,MAZZEL,MAZZEL,2025-12-17,43,Only You
2025,MAZZEL,MAZZEL,2025-12-24,57,Only You
2025,MAZZEL,MAZZEL,2025-12-31,91,Only You
2025,なにわ男子,なにわ男子,2025-03-05,1,Doki it
2025,なにわ男子,なにわ男子,2025-03-12,73,Doki it
2025,なにわ男子,なにわ男子,2025-06-11,65,ギラギラサマー
2025,なにわ男子,なにわ男子,2025-09-10,1,アシンメトリー
2025,なにわ男子,なにわ男子,2025-09-17,65,アシンメトリー
2025,なにわ男子,なにわ男子,2025-12-17,5,Never Romantic
2025,STARGLOW,STARGLOW,2025-10-01,7,Moonchaser
2025,STARGLOW,STARGLOW,2025-10-08,33,Moonchaser
2025,STARGLOW,STARGLOW,2025-10-15,56,Moonchaser
2025,STARGLOW,STARGLOW,2025-10-22,93,Moonchaser
2025,Travis Japan,Travis Japan,2025-03-12,1,Say I do
2025,Travis Japan,Travis Japan,2025-03-12,24,Tokyo Crazy Night
2025,Travis Japan,Travis Japan,2025-03-19,37,Say I do
2025,Travis Japan,Travis Japan,2025-05-07,9,Would You Like One?
2025,Travis Japan,Travis Japan,2025-05-14,75,Would You Like One?
2025,Travis Japan,Travis Japan,2025-06-11,80,バーニング・ラヴ
2025,Travis Japan,Travis Japan,2025-11-05,7,Disco Baby
2025,Travis Japan,Travis Japan,2025-11-12,97,Disco Baby
2025,Travis Japan,Travis Japan,2025-12-10,40,Welcome To Our Show Tonight
2025,三代目 J SOUL BROTHERS from EXILE TRIBE,三代目 J SOUL BROTHERS from EXILE TRIBE,2025-03-05,88,What Is Your Secret?
2025,JO1,JO1,2025-04-02,11,BE CLASSIC
2025,JO1,JO1,2025-04-09,16,BE CLASSIC
2025,JO1,JO1,2025-04-16,22,BE CLASSIC
2025,JO1,JO1,2025-04-23,26,BE CLASSIC
2025,JO1,JO1,2025-04-30,40,BE CLASSIC
2025,JO1,JO1,2025-05-07,30,BE CLASSIC
2025,JO1,JO1,2025-05-14,49,BE CLASSIC
2025,JO1,JO1,2025-05-21,68,BE CLASSIC
2025,JO1,JO1,2025-05-21,99,Be brave!
2025,JO1,JO1,2025-05-28,79,BE CLASSIC
2025,JO1,JO1,2025-06-04,69,BE CLASSIC
2025,JO1,JO1,2025-06-11,76,BE CLASSIC
2025,JO1,JO1,2025-06-18,91,BE CLASSIC
2025,JO1,JO1,2025-06-25,79,BE CLASSIC
2025,JO1,JO1,2025-07-09,99,BE CLASSIC
2025,JO1,JO1,2025-07-16,77,BE CLASSIC
2025,JO1,JO1,2025-07-23,94,BE CLASSIC
2025,JO1,JO1,2025-08-27,38,ひらく
2025,JO1,JO1,2025-10-01,66,Handz In My Pocket
2025,JO1,JO1,2025-10-08,24,Handz In My Pocket
2025,JO1,JO1,2025-10-15,42,Handz In My Pocket
2025,JO1,JO1,2025-10-22,41,Handz In My Pocket
2025,JO1,JO1,2025-10-29,2,Handz In My Pocket
2025,JO1,JO1,2025-11-05,8,Handz In My Pocket
2025,JO1,JO1,2025-11-12,38,Handz In My Pocket
2025,JO1,JO1,2025-11-19,48,Handz In My Pocket
2025,JO1,JO1,2025-11-26,64,Handz In My Pocket
2025,JO1,JO1,2025-12-03,77,Handz In My Pocket
2025,JO1,JO1,2025-12-10,15,Handz In My Pocket
2025,JO1,JO1,2025-12-17,94,サンタさんへ。
2025,JO1,JO1,2025-12-17,98,Handz In My Pocket
2025,Kis-My-Ft2,Kis-My-Ft2,2025-01-15,4,Curtain call
2025,INI,INI,2025-01-22,59,Make It Count
2025,INI,INI,2025-02-19,49,WMDA (Where My Drums At)
2025,INI,INI,2025-04-09,52,Party Goes On
2025,INI,INI,2025-04-16,100,Party Goes On
2025,INI,INI,2025-06-11,71,DOMINANCE
2025,INI,INI,2025-07-02,21,DOMINANCE
2025,INI,INI,2025-09-24,93,君がいたから
2025,INI,INI,2025-11-12,69,Present
2025,INI,INI,2025-11-19,33,Present
2025,INI,INI,2025-11-26,1,Present
2025,INI,INI,2025-12-03,5,Present
2025,INI,INI,2025-12-10,59,Present
2025,FANTASTICS from EXILE TRIBE,FANTASTICS from EXILE TRIBE,2025-09-24,17,BFX
2025,FANTASTICS from EXILE TRIBE,FANTASTICS from EXILE TRIBE,2025-10-01,93,BFX
2025,FANTASTICS from EXILE TRIBE,FANTASTICS from EXILE TRIBE,2025-12-10,44,ずっとずっと
2025,WEST.,WEST.,2025-05-14,4,ウェッサイソウル!
2025,THE RAMPAGE from EXILE TRIBE,THE RAMPAGE from EXILE TRIBE,2025-01-29,61,蜘蛛の糸
2025,THE RAMPAGE from EXILE TRIBE,THE RAMPAGE from EXILE TRIBE,2025-02-05,95,蜘蛛の糸
2025,THE RAMPAGE from EXILE TRIBE,THE RAMPAGE from EXILE TRIBE,2025-02-19,82,BURN
2025,THE RAMPAGE from EXILE TRIBE,THE RAMPAGE from EXILE TRIBE,2025-02-26,87,BURN
2025,THE RAMPAGE from EXILE TRIBE,THE RAMPAGE from EXILE TRIBE,2025-03-05,62,BURN
2025,THE RAMPAGE from EXILE TRIBE,THE RAMPAGE from EXILE TRIBE,2025-03-12,53,BURN
2025,THE RAMPAGE from EXILE TRIBE,THE RAMPAGE from EXILE TRIBE,2025-10-22,12,自由への大脱走 〜Running Running Running〜 feat. 湘南乃風
2025,THE RAMPAGE from EXILE TRIBE,THE RAMPAGE from EXILE TRIBE,2025-10-29,68,自由への大脱走 〜Running Running Running〜 feat. 湘南乃風
2025,DXTEEN,DXTEEN,2025-05-14,5,Tick-Tack
2025,DXTEEN,DXTEEN,2025-10-01,5,両片想い
2025,原因は自分にある。,原因は自分にある。,2025-03-19,62,LLL
2025,原因は自分にある。,原因は自分にある。,2025-03-26,65,LLL
2025,原因は自分にある。,原因は自分にある。,2025-04-02,71,LLL
2025,原因は自分にある。,原因は自分にある。,2025-04-09,90,LLL
2025,原因は自分にある。,原因は自分にある。,2025-04-23,51,因果応報アンチノミー
2025,原因は自分にある。,原因は自分にある。,2025-04-30,47,因果応報アンチノミー
2025,原因は自分にある。,原因は自分にある。,2025-05-07,53,因果応報アンチノミー
2025,原因は自分にある。,原因は自分にある。,2025-10-15,41,パラノイドランデブー
2025,原因は自分にある。,原因は自分にある。,2025-10-22,5,パラノイドランデブー
2025,原因は自分にある。,原因は自分にある。,2025-10-29,13,パラノイドランデブー
2025,原因は自分にある。,原因は自分にある。,2025-11-05,44,パラノイドランデブー
2025,原因は自分にある。,原因は自分にある。,2025-11-19,45,トレモロ
2025,原因は自分にある。,原因は自分にある。,2025-11-26,67,トレモロ
2025,原因は自分にある。,原因は自分にある。,2025-12-03,69,トレモロ
2025,原因は自分にある。,原因は自分にある。,2025-12-10,81,トレモロ
2025,超特急,超特急,2025-04-16,29,メタルなかよし
2025,超特急,超特急,2025-04-23,35,メタルなかよし
2025,超特急,超特急,2025-04-30,41,メタルなかよし
2025,超特急,超特急,2025-05-07,62,メタルなかよし
2025,超特急,超特急,2025-05-14,50,キャラメルハート
2025,超特急,超特急,2025-05-21,35,キャラメルハート
2025,超特急,超特急,2025-05-28,43,キャラメルハート
2025,超特急,超特急,2025-06-04,43,キャラメルハート
2025,超特急,超特急,2025-10-01,3,NINE LIVES
2025,超特急,超特急,2025-10-08,12,NINE LIVES
2025,超特急,超特急,2025-10-15,26,NINE LIVES
2025,超特急,超特急,2025-10-22,37,NINE LIVES
2025,超特急,超特急,2025-10-29,53,NINE LIVES
2025,超特急,超特急,2025-11-05,97,NINE LIVES
2025,IMP.,IMP.,2025-04-16,88,Cheek to Cheek
2025,IMP.,IMP.,2025-07-02,8,Cheek to Cheek
2025,IMP.,IMP.,2025-11-12,30,KISS
2025,LIL LEAGUE from EXILE TRIBE,LIL LEAGUE from EXILE TRIBE,2025-01-15,9,刺激最優先
2025,LIL LEAGUE from EXILE TRIBE,LIL LEAGUE from EXILE TRIBE,2025-07-09,15,真夏ノ花火
2025,DOMOTO,KinKi Kids,2025-05-14,14,愛のかたまり
2025,DOMOTO,KinKi Kids,2025-05-14,42,硝子の少年
2025,DOMOTO,KinKi Kids,2025-05-14,81,愛されるより 愛したい
2025,DOMOTO,KinKi Kids,2025-05-14,92,フラワー
2025,DOMOTO,KinKi Kids,2025-05-14,99,ボクの背中には羽根がある
2025,DOMOTO,KinKi Kids,2025-05-21,26,愛のかたまり
2025,DOMOTO,KinKi Kids,2025-05-28,49,愛のかたまり
2025,DOMOTO,KinKi Kids,2025-06-04,47,愛のかたまり
2025,DOMOTO,KinKi Kids,2025-06-11,51,愛のかたまり
2025,DOMOTO,KinKi Kids,2025-06-18,52,愛のかたまり
2025,DOMOTO,KinKi Kids,2025-06-25,60,愛のかたまり
2025,DOMOTO,KinKi Kids,2025-07-02,63,愛のかたまり
2025,DOMOTO,KinKi Kids,2025-07-09,62,愛のかたまり
2025,DOMOTO,KinKi Kids,2025-07-16,73,愛のかたまり
2025,DOMOTO,KinKi Kids,2025-07-23,76,愛のかたまり
2025,DOMOTO,KinKi Kids,2025-07-30,82,愛のかたまり
2025,DOMOTO,KinKi Kids,2025-08-06,90,愛のかたまり
2025,DOMOTO,KinKi Kids,2025-08-13,92,愛のかたまり
2025,DOMOTO,KinKi Kids,2025-08-20,95,愛のかたまり
2025,DOMOTO,KinKi Kids,2025-08-27,96,愛のかたまり
2025,DOMOTO,KinKi Kids,2025-09-03,96,愛のかたまり
2025,DOMOTO,KinKi Kids,2025-09-17,98,愛のかたまり
2025,DOMOTO,KinKi Kids,2025-10-08,95,愛のかたまり
2025,DOMOTO,KinKi Kids,2025-10-29,98,愛のかたまり
2025,DOMOTO,KinKi Kids,2025-11-05,90,愛のかたまり
2025,DOMOTO,KinKi Kids,2025-11-12,86,愛のかたまり
2025,DOMOTO,KinKi Kids,2025-11-19,80,愛のかたまり
2025,DOMOTO,KinKi Kids,2025-11-26,93,愛のかたまり
2025,DOMOTO,KinKi Kids,2025-12-03,88,愛のかたまり
2025,DOMOTO,DOMOTO,2025-12-10,3,愛のかたまり
2025,DOMOTO,KinKi Kids,2025-12-10,56,愛のかたまり
2025,DOMOTO,DOMOTO,2025-12-17,38,愛のかたまり
2025,DOMOTO,KinKi Kids,2025-12-17,41,愛のかたまり
2025,DOMOTO,KinKi Kids,2025-12-24,43,愛のかたまり
2025,DOMOTO,KinKi Kids,2025-12-31,46,愛のかたまり
2025,BUDDiiS,BUDDiiS,2025-01-29,40,Iris
2025,BUDDiiS,BUDDiiS,2025-02-05,51,Iris
2025,BUDDiiS,BUDDiiS,2025-02-12,47,Iris
2025,BUDDiiS,BUDDiiS,2025-02-19,70,Iris
2025,BUDDiiS,BUDDiiS,2025-06-04,33,LOVE ME
2025,BUDDiiS,BUDDiiS,2025-06-11,41,LOVE ME
2025,BUDDiiS,BUDDiiS,2025-06-18,44,LOVE ME
2025,BUDDiiS,BUDDiiS,2025-06-25,69,LOVE ME
2025,BUDDiiS,BUDDiiS,2025-09-24,62,Dear
2025,BUDDiiS,BUDDiiS,2025-10-01,64,Dear
2025,BUDDiiS,BUDDiiS,2025-10-08,68,Dear
2025,BUDDiiS,BUDDiiS,2025-10-15,68,Dear
2025,ONE N' ONLY,ONE N' ONLY,2025-02-26,83,Map of The Mind
2025,ONE N' ONLY,ONE N' ONLY,2025-04-30,95,BOOM BASH
2025,ONE N' ONLY,ONE N' ONLY,2025-06-25,3,BLAST
2025,ONE N' ONLY,ONE N' ONLY,2025-07-02,31,BLAST
2025,ONE N' ONLY,ONE N' ONLY,2025-07-09,39,BLAST
2025,ONE N' ONLY,ONE N' ONLY,2025-07-16,92,BLAST
2025,ONE N' ONLY,ONE N' ONLY,2025-10-29,40,Gooey
2025,ONE N' ONLY,ONE N' ONLY,2025-11-05,39,Gooey
2025,ONE N' ONLY,ONE N' ONLY,2025-11-12,49,Gooey
2025,ONE N' ONLY,ONE N' ONLY,2025-11-19,58,Gooey
2025,ONE N' ONLY,ONE N' ONLY,2025-12-10,57,RIDE
2025,ONE N' ONLY,ONE N' ONLY,2025-12-17,51,RIDE
2025,ONE N' ONLY,ONE N' ONLY,2025-12-24,73,RIDE
2025,SUPER★DRAGON,SUPER★DRAGON,2025-04-02,24,Dreamland
2025,SUPER★DRAGON,SUPER★DRAGON,2025-04-23,43,Dreamland
2025,SUPER★DRAGON,SUPER★DRAGON,2025-12-10,5,Concealer
2025,ICEx,ICEx,2025-03-05,9,理想郷
2025,ICEx,ICEx,2025-04-09,74,理想郷
2025,ICEx,ICEx,2025-07-30,11,インストール
2025,ICEx,ICEx,2025-08-13,55,インストール
2025,ICEx,ICEx,2025-12-17,6,Da-Da-Da
2025,Lienel,Lienel,2025-01-15,6,Go Around The World
2025,Lienel,Lienel,2025-08-27,7,超絶SUMMERでバカになれ
2025,Lienel,Lienel,2025-10-01,51,超絶SUMMERでバカになれ
2025,Lienel,Lienel,2025-10-22,28,超絶SUMMERでバカになれ
2025,THE SUPER FRUIT,THE SUPER FRUIT,2025-09-10,7,まにまに
2025,OCTPATH,OCTPATH,2025-06-04,4,また夏に帰ろう
2025,OCTPATH,OCTPATH,2025-12-24,4,スターライトランデブー
2025,20th Century,20th Century,2025-07-02,36,ネバギバ 〜Never Give Up!〜
2025,OWV,OWV,2025-10-08,4,BLACK CROWN
2025,Aぇ! group,Aぇ! group,2025-06-25,2,Chameleon
2025,Aぇ! group,Aぇ! group,2025-07-02,54,Chameleon
2025,aoen,aoen,2025-06-18,6,青い太陽 (The Blue Sun)
2025,ROIROM,ROIROM,2025-11-26,81,Dear DIVA
2025,CLASS SEVEN,CLASS SEVEN,2025-10-29,9,miss you
2026,モナキ,モナキ,2026-04-15,12,ほんまやで☆なんでやねん☆しらんけど
2026,モナキ,モナキ,2026-04-22,24,ほんまやで☆なんでやねん☆しらんけど
2026,モナキ,モナキ,2026-04-29,46,ほんまやで☆なんでやねん☆しらんけど
2026,モナキ,モナキ,2026-05-06,58,ほんまやで☆なんでやねん☆しらんけど
2026,モナキ,モナキ,2026-05-13,73,ほんまやで☆なんでやねん☆しらんけど
2026,モナキ,モナキ,2026-05-20,86,ほんまやで☆なんでやねん☆しらんけど
2026,モナキ,モナキ,2026-08-05,35,ほんまやで☆なんでやねん☆しらんけど
2026,BE:FIRST,BE:FIRST,2026-01-07,12,夢中
2026,BE:FIRST,BE:FIRST,2026-01-07,39,街灯
2026,BE:FIRST,BE:FIRST,2026-01-14,13,夢中
2026,BE:FIRST,BE:FIRST,2026-01-14,53,街灯
2026,BE:FIRST,BE:FIRST,2026-01-21,15,夢中
2026,BE:FIRST,BE:FIRST,2026-01-21,64,街灯
2026,BE:FIRST,BE:FIRST,2026-01-28,15,夢中
2026,BE:FIRST,BE:FIRST,2026-01-28,77,街灯
2026,BE:FIRST,BE:FIRST,2026-02-04,16,夢中
2026,BE:FIRST,BE:FIRST,2026-02-04,83,街灯
2026,BE:FIRST,BE:FIRST,2026-02-11,15,夢中
2026,BE:FIRST,BE:FIRST,2026-02-11,89,街灯
2026,BE:FIRST,BE:FIRST,2026-02-18,18,夢中
2026,BE:FIRST,BE:FIRST,2026-02-25,19,夢中
2026,BE:FIRST,BE:FIRST,2026-03-04,22,夢中
2026,BE:FIRST,BE:FIRST,2026-03-11,22,夢中
2026,BE:FIRST,BE:FIRST,2026-03-18,21,夢中
2026,BE:FIRST,BE:FIRST,2026-03-25,1,BE:FIRST ALL DAY
2026,BE:FIRST,BE:FIRST,2026-03-25,30,夢中
2026,BE:FIRST,BE:FIRST,2026-04-01,12,BE:FIRST ALL DAY
2026,BE:FIRST,BE:FIRST,2026-04-01,28,夢中
2026,BE:FIRST,BE:FIRST,2026-04-08,16,BE:FIRST ALL DAY
2026,BE:FIRST,BE:FIRST,2026-04-08,29,夢中
2026,BE:FIRST,BE:FIRST,2026-04-15,19,BE:FIRST ALL DAY
2026,BE:FIRST,BE:FIRST,2026-04-15,33,夢中
2026,BE:FIRST,BE:FIRST,2026-04-22,25,BE:FIRST ALL DAY
2026,BE:FIRST,BE:FIRST,2026-04-22,39,夢中
2026,BE:FIRST,BE:FIRST,2026-04-29,40,BE:FIRST ALL DAY
2026,BE:FIRST,BE:FIRST,2026-05-06,41,BE:FIRST ALL DAY
2026,BE:FIRST,BE:FIRST,2026-05-13,2,BE:FIRST ALL DAY
2026,BE:FIRST,BE:FIRST,2026-05-13,14,Rondo
2026,BE:FIRST,BE:FIRST,2026-05-20,25,Rondo
2026,BE:FIRST,BE:FIRST,2026-05-20,26,BE:FIRST ALL DAY
2026,BE:FIRST,BE:FIRST,2026-05-27,36,Rondo
2026,BE:FIRST,BE:FIRST,2026-05-27,47,BE:FIRST ALL DAY
2026,BE:FIRST,BE:FIRST,2026-06-03,46,Rondo
2026,BE:FIRST,BE:FIRST,2026-06-03,79,BE:FIRST ALL DAY
2026,BE:FIRST,BE:FIRST,2026-06-10,96,Rondo
2026,BE:FIRST,BE:FIRST,2026-07-08,1,Missing
2026,BE:FIRST,BE:FIRST,2026-07-08,52,"Why, Why"
2026,BE:FIRST,BE:FIRST,2026-07-15,4,Missing
2026,BE:FIRST,BE:FIRST,2026-07-15,98,"Why, Why"
2026,BE:FIRST,BE:FIRST,2026-07-22,14,Missing
2026,BE:FIRST,BE:FIRST,2026-07-29,16,Missing
2026,BE:FIRST,BE:FIRST,2026-08-05,18,"BRUCE WAYNE feat. Flo Milli, ATL Jacob"
2026,BE:FIRST,BE:FIRST,2026-08-05,20,Missing
2026,BE:FIRST,BE:FIRST,2026-08-12,26,Missing
2026,BE:FIRST,BE:FIRST,2026-08-12,31,"BRUCE WAYNE feat. Flo Milli, ATL Jacob"
2026,BE:FIRST,BE:FIRST,2026-08-19,29,Missing
2026,BE:FIRST,BE:FIRST,2026-08-26,22,Missing
2026,BE:FIRST,BE:FIRST,2026-09-02,22,Missing
2026,BE:FIRST,BE:FIRST,2026-09-09,21,Missing
2026,BE:FIRST,BE:FIRST,2026-09-16,22,Missing
2026,BE:FIRST,BE:FIRST,2026-09-23,11,WATCH ME feat. BIA
2026,BE:FIRST,BE:FIRST,2026-09-23,21,Missing
2026,BE:FIRST,BE:FIRST,2026-09-30,14,WATCH ME feat. BIA
2026,BE:FIRST,BE:FIRST,2026-09-30,39,Missing
2026,M!LK,M!LK,2026-01-07,5,好きすぎて滅!
2026,M!LK,M!LK,2026-01-07,32,イイじゃん
2026,M!LK,M!LK,2026-01-14,5,好きすぎて滅!
2026,M!LK,M!LK,2026-01-14,36,イイじゃん
2026,M!LK,M!LK,2026-01-21,5,好きすぎて滅!
2026,M!LK,M!LK,2026-01-21,39,イイじゃん
2026,M!LK,M!LK,2026-01-28,6,好きすぎて滅!
2026,M!LK,M!LK,2026-01-28,38,イイじゃん
2026,M!LK,M!LK,2026-02-04,6,好きすぎて滅!
2026,M!LK,M!LK,2026-02-04,40,イイじゃん
2026,M!LK,M!LK,2026-02-11,5,好きすぎて滅!
2026,M!LK,M!LK,2026-02-11,45,イイじゃん
2026,M!LK,M!LK,2026-02-18,5,好きすぎて滅!
2026,M!LK,M!LK,2026-02-18,6,爆裂愛してる
2026,M!LK,M!LK,2026-02-18,41,イイじゃん
2026,M!LK,M!LK,2026-02-25,1,爆裂愛してる
2026,M!LK,M!LK,2026-02-25,5,好きすぎて滅!
2026,M!LK,M!LK,2026-02-25,21,イイじゃん
2026,M!LK,M!LK,2026-03-04,2,爆裂愛してる
2026,M!LK,M!LK,2026-03-04,5,好きすぎて滅!
2026,M!LK,M!LK,2026-03-04,31,イイじゃん
2026,M!LK,M!LK,2026-03-11,2,爆裂愛してる
2026,M!LK,M!LK,2026-03-11,5,好きすぎて滅!
2026,M!LK,M!LK,2026-03-11,35,イイじゃん
2026,M!LK,M!LK,2026-03-18,4,爆裂愛してる
2026,M!LK,M!LK,2026-03-18,6,好きすぎて滅!
2026,M!LK,M!LK,2026-03-18,36,イイじゃん
2026,M!LK,M!LK,2026-03-25,4,爆裂愛してる
2026,M!LK,M!LK,2026-03-25,6,好きすぎて滅!
2026,M!LK,M!LK,2026-03-25,34,イイじゃん
2026,M!LK,M!LK,2026-04-01,2,爆裂愛してる
2026,M!LK,M!LK,2026-04-01,4,好きすぎて滅!
2026,M!LK,M!LK,2026-04-01,37,イイじゃん
2026,M!LK,M!LK,2026-04-08,3,爆裂愛してる
2026,M!LK,M!LK,2026-04-08,5,好きすぎて滅!
2026,M!LK,M!LK,2026-04-08,33,イイじゃん
2026,M!LK,M!LK,2026-04-15,2,爆裂愛してる
2026,M!LK,M!LK,2026-04-15,4,好きすぎて滅!
2026,M!LK,M!LK,2026-04-15,38,イイじゃん
2026,M!LK,M!LK,2026-04-22,4,爆裂愛してる
2026,M!LK,M!LK,2026-04-22,6,好きすぎて滅!
2026,M!LK,M!LK,2026-04-22,44,イイじゃん
2026,M!LK,M!LK,2026-04-29,4,爆裂愛してる
2026,M!LK,M!LK,2026-04-29,5,好きすぎて滅!
2026,M!LK,M!LK,2026-04-29,44,イイじゃん
2026,M!LK,M!LK,2026-05-06,6,アイドルパワー
2026,M!LK,M!LK,2026-05-06,7,爆裂愛してる
2026,M!LK,M!LK,2026-05-06,8,好きすぎて滅!
2026,M!LK,M!LK,2026-05-06,39,イイじゃん
2026,M!LK,M!LK,2026-05-13,4,アイドルパワー
2026,M!LK,M!LK,2026-05-13,5,爆裂愛してる
2026,M!LK,M!LK,2026-05-13,6,好きすぎて滅!
2026,M!LK,M!LK,2026-05-13,41,イイじゃん
2026,M!LK,M!LK,2026-05-20,3,爆裂愛してる
2026,M!LK,M!LK,2026-05-20,4,好きすぎて滅!
2026,M!LK,M!LK,2026-05-20,11,アイドルパワー
2026,M!LK,M!LK,2026-05-20,51,イイじゃん
2026,M!LK,M!LK,2026-05-27,4,好きすぎて滅!
2026,M!LK,M!LK,2026-05-27,5,爆裂愛してる
2026,M!LK,M!LK,2026-05-27,13,アイドルパワー
2026,M!LK,M!LK,2026-05-27,40,イイじゃん
2026,M!LK,M!LK,2026-06-03,4,好きすぎて滅!
2026,M!LK,M!LK,2026-06-03,5,爆裂愛してる
2026,M!LK,M!LK,2026-06-03,10,アイドルパワー
2026,M!LK,M!LK,2026-06-03,37,イイじゃん
2026,M!LK,M!LK,2026-06-10,8,好きすぎて滅!
2026,M!LK,M!LK,2026-06-10,10,爆裂愛してる
2026,M!LK,M!LK,2026-06-10,20,アイドルパワー
2026,M!LK,M!LK,2026-06-10,58,イイじゃん
2026,M!LK,M!LK,2026-06-17,4,好きすぎて滅!
2026,M!LK,M!LK,2026-06-17,6,爆裂愛してる
2026,M!LK,M!LK,2026-06-17,16,アイドルパワー
2026,M!LK,M!LK,2026-06-17,51,イイじゃん
2026,M!LK,M!LK,2026-06-24,3,爆裂愛してる
2026,M!LK,M!LK,2026-06-24,5,好きすぎて滅!
2026,M!LK,M!LK,2026-06-24,16,アイドルパワー
2026,M!LK,M!LK,2026-06-24,17,真・運命 (曽野舜太&山中柔太朗)
2026,M!LK,M!LK,2026-06-24,43,イイじゃん
2026,M!LK,M!LK,2026-07-01,4,好きすぎて滅!
2026,M!LK,M!LK,2026-07-01,5,爆裂愛してる
2026,M!LK,M!LK,2026-07-01,15,アイドルパワー
2026,M!LK,M!LK,2026-07-01,32,真・運命 (曽野舜太&山中柔太朗)
2026,M!LK,M!LK,2026-07-01,59,イイじゃん
2026,M!LK,M!LK,2026-07-08,3,好きすぎて滅!
2026,M!LK,M!LK,2026-07-08,5,爆裂愛してる
2026,M!LK,M!LK,2026-07-08,14,アイドルパワー
2026,M!LK,M!LK,2026-07-08,50,イイじゃん
2026,M!LK,M!LK,2026-07-08,78,真・運命 (曽野舜太&山中柔太朗)
2026,M!LK,M!LK,2026-07-15,6,好きすぎて滅!
2026,M!LK,M!LK,2026-07-15,10,爆裂愛してる
2026,M!LK,M!LK,2026-07-15,19,アイドルパワー
2026,M!LK,M!LK,2026-07-15,20,しおざきわんだーらんど (塩崎太智)
2026,M!LK,M!LK,2026-07-15,43,イイじゃん
2026,M!LK,M!LK,2026-07-15,63,真・運命 (曽野舜太&山中柔太朗)
2026,M!LK,M!LK,2026-07-15,93,チラチLOVE
2026,M!LK,M!LK,2026-07-22,9,好きすぎて滅!
2026,M!LK,M!LK,2026-07-22,11,爆裂愛してる
2026,M!LK,M!LK,2026-07-22,20,You!Joy!Parade!
2026,M!LK,M!LK,2026-07-22,21,アイドルパワー
2026,M!LK,M!LK,2026-07-22,40,しおざきわんだーらんど (塩崎太智)
2026,M!LK,M!LK,2026-07-22,43,イイじゃん
2026,M!LK,M!LK,2026-07-22,93,真・運命 (曽野舜太&山中柔太朗)
2026,M!LK,M!LK,2026-07-29,4,You!Joy!Parade!
2026,M!LK,M!LK,2026-07-29,8,好きすぎて滅!
2026,M!LK,M!LK,2026-07-29,9,爆裂愛してる
2026,M!LK,M!LK,2026-07-29,20,アイドルパワー
2026,M!LK,M!LK,2026-07-29,35,しおざきわんだーらんど (塩崎太智)
2026,M!LK,M!LK,2026-07-29,39,イイじゃん
2026,M!LK,M!LK,2026-07-29,95,真・運命 (曽野舜太&山中柔太朗)
2026,M!LK,M!LK,2026-08-05,8,好きすぎて滅!
2026,M!LK,M!LK,2026-08-05,10,爆裂愛してる
2026,M!LK,M!LK,2026-08-05,15,You!Joy!Parade!
2026,M!LK,M!LK,2026-08-05,22,アイドルパワー
2026,M!LK,M!LK,2026-08-05,42,イイじゃん
2026,M!LK,M!LK,2026-08-05,69,しおざきわんだーらんど (塩崎太智)
2026,M!LK,M!LK,2026-08-12,5,罪と罰と雨とキス (佐野勇斗&吉田仁人)
2026,M!LK,M!LK,2026-08-12,7,好きすぎて滅!
2026,M!LK,M!LK,2026-08-12,9,爆裂愛してる
2026,M!LK,M!LK,2026-08-12,19,You!Joy!Parade!
2026,M!LK,M!LK,2026-08-12,25,アイドルパワー
2026,M!LK,M!LK,2026-08-12,44,イイじゃん
2026,M!LK,M!LK,2026-08-12,51,しおざきわんだーらんど (塩崎太智)
2026,M!LK,M!LK,2026-08-12,92,真・運命 (曽野舜太&山中柔太朗)
2026,M!LK,M!LK,2026-08-19,4,好きすぎて滅!
2026,M!LK,M!LK,2026-08-19,6,爆裂愛してる
2026,M!LK,M!LK,2026-08-19,14,You!Joy!Parade!
2026,M!LK,M!LK,2026-08-19,16,罪と罰と雨とキス (佐野勇斗&吉田仁人)
2026,M!LK,M!LK,2026-08-19,19,アイドルパワー
2026,M!LK,M!LK,2026-08-19,48,イイじゃん
2026,M!LK,M!LK,2026-08-19,84,しおざきわんだーらんど (塩崎太智)
2026,M!LK,M!LK,2026-08-26,6,好きすぎて滅!
2026,M!LK,M!LK,2026-08-26,9,爆裂愛してる
2026,M!LK,M!LK,2026-08-26,17,アイドルパワー
2026,M!LK,M!LK,2026-08-26,19,You!Joy!Parade!
2026,M!LK,M!LK,2026-08-26,23,罪と罰と雨とキス (佐野勇斗&吉田仁人)
2026,M!LK,M!LK,2026-08-26,49,イイじゃん
2026,M!LK,M!LK,2026-09-02,7,好きすぎて滅!
2026,M!LK,M!LK,2026-09-02,8,爆裂愛してる
2026,M!LK,M!LK,2026-09-02,23,You!Joy!Parade!
2026,M!LK,M!LK,2026-09-02,25,アイドルパワー
2026,M!LK,M!LK,2026-09-02,26,罪と罰と雨とキス (佐野勇斗&吉田仁人)
2026,M!LK,M!LK,2026-09-02,58,イイじゃん
2026,M!LK,M!LK,2026-09-09,9,好きすぎて滅!
2026,M!LK,M!LK,2026-09-09,12,爆裂愛してる
2026,M!LK,M!LK,2026-09-09,24,You!Joy!Parade!
2026,M!LK,M!LK,2026-09-09,25,アイドルパワー
2026,M!LK,M!LK,2026-09-09,30,罪と罰と雨とキス (佐野勇斗&吉田仁人)
2026,M!LK,M!LK,2026-09-09,50,イイじゃん
2026,M!LK,M!LK,2026-09-16,3,時空超えてユニバース
2026,M!LK,M!LK,2026-09-16,9,好きすぎて滅!
2026,M!LK,M!LK,2026-09-16,14,爆裂愛してる
2026,M!LK,M!LK,2026-09-16,20,アイドルパワー
2026,M!LK,M!LK,2026-09-16,21,You!Joy!Parade!
2026,M!LK,M!LK,2026-09-16,35,罪と罰と雨とキス (佐野勇斗&吉田仁人)
2026,M!LK,M!LK,2026-09-16,51,イイじゃん
2026,M!LK,M!LK,2026-09-23,3,時空超えてユニバース
2026,M!LK,M!LK,2026-09-23,6,好きすぎて滅!
2026,M!LK,M!LK,2026-09-23,9,爆裂愛してる
2026,M!LK,M!LK,2026-09-23,16,アイドルパワー
2026,M!LK,M!LK,2026-09-23,18,You!Joy!Parade!
2026,M!LK,M!LK,2026-09-23,32,罪と罰と雨とキス (佐野勇斗&吉田仁人)
2026,M!LK,M!LK,2026-09-23,52,イイじゃん
2026,M!LK,M!LK,2026-09-23,79,僕のすべては君のもの
2026,M!LK,M!LK,2026-09-23,95,真・運命 (曽野舜太&山中柔太朗)
2026,M!LK,M!LK,2026-09-30,4,好きすぎて滅!
2026,M!LK,M!LK,2026-09-30,5,時空超えてユニバース
2026,M!LK,M!LK,2026-09-30,10,爆裂愛してる
2026,M!LK,M!LK,2026-09-30,19,アイドルパワー
2026,M!LK,M!LK,2026-09-30,20,You!Joy!Parade!
2026,M!LK,M!LK,2026-09-30,37,罪と罰と雨とキス (佐野勇斗&吉田仁人)
2026,M!LK,M!LK,2026-09-30,51,イイじゃん
2026,Snow Man,Snow Man,2026-01-07,8,カリスマックス
2026,Snow Man,Snow Man,2026-01-14,10,カリスマックス
2026,Snow Man,Snow Man,2026-01-21,12,カリスマックス
2026,Snow Man,Snow Man,2026-01-28,12,カリスマックス
2026,Snow Man,Snow Man,2026-02-04,12,カリスマックス
2026,Snow Man,Snow Man,2026-02-11,1,STARS
2026,Snow Man,Snow Man,2026-02-11,10,カリスマックス
2026,Snow Man,Snow Man,2026-02-18,12,カリスマックス
2026,Snow Man,Snow Man,2026-02-18,17,STARS
2026,Snow Man,Snow Man,2026-02-25,15,カリスマックス
2026,Snow Man,Snow Man,2026-02-25,37,STARS
2026,Snow Man,Snow Man,2026-03-04,1,オドロウゼ!
2026,Snow Man,Snow Man,2026-03-04,14,カリスマックス
2026,Snow Man,Snow Man,2026-03-04,41,STARS
2026,Snow Man,Snow Man,2026-03-11,12,オドロウゼ!
2026,Snow Man,Snow Man,2026-03-11,15,カリスマックス
2026,Snow Man,Snow Man,2026-03-11,77,STARS
2026,Snow Man,Snow Man,2026-03-18,14,カリスマックス
2026,Snow Man,Snow Man,2026-03-18,23,オドロウゼ!
2026,Snow Man,Snow Man,2026-03-25,21,カリスマックス
2026,Snow Man,Snow Man,2026-03-25,43,オドロウゼ!
2026,Snow Man,Snow Man,2026-04-01,20,カリスマックス
2026,Snow Man,Snow Man,2026-04-01,57,オドロウゼ!
2026,Snow Man,Snow Man,2026-04-08,20,カリスマックス
2026,Snow Man,Snow Man,2026-04-08,67,オドロウゼ!
2026,Snow Man,Snow Man,2026-04-08,72,BANG!!
2026,Snow Man,Snow Man,2026-04-15,23,カリスマックス
2026,Snow Man,Snow Man,2026-04-15,81,オドロウゼ!
2026,Snow Man,Snow Man,2026-04-22,29,カリスマックス
2026,Snow Man,Snow Man,2026-04-22,82,SAVE YOUR HEART
2026,Snow Man,Snow Man,2026-04-22,92,オドロウゼ!
2026,Snow Man,Snow Man,2026-04-29,26,カリスマックス
2026,Snow Man,Snow Man,2026-04-29,69,SAVE YOUR HEART
2026,Snow Man,Snow Man,2026-04-29,87,オドロウゼ!
2026,Snow Man,Snow Man,2026-05-06,2,BANG!!
2026,Snow Man,Snow Man,2026-05-06,28,カリスマックス
2026,Snow Man,Snow Man,2026-05-06,85,オドロウゼ!
2026,Snow Man,Snow Man,2026-05-13,1,BANG!!
2026,Snow Man,Snow Man,2026-05-13,30,カリスマックス
2026,Snow Man,Snow Man,2026-05-13,82,オドロウゼ!
2026,Snow Man,Snow Man,2026-05-20,14,BANG!!
2026,Snow Man,Snow Man,2026-05-20,31,カリスマックス
2026,Snow Man,Snow Man,2026-05-27,21,BANG!!
2026,Snow Man,Snow Man,2026-05-27,22,SAVE YOUR HEART
2026,Snow Man,Snow Man,2026-05-27,27,カリスマックス
2026,Snow Man,Snow Man,2026-06-03,24,カリスマックス
2026,Snow Man,Snow Man,2026-06-03,32,BANG!!
2026,Snow Man,Snow Man,2026-06-03,53,SAVE YOUR HEART
2026,Snow Man,Snow Man,2026-06-10,49,カリスマックス
2026,Snow Man,Snow Man,2026-06-10,69,BANG!!
2026,Snow Man,Snow Man,2026-06-17,45,カリスマックス
2026,Snow Man,Snow Man,2026-06-24,45,カリスマックス
2026,Snow Man,Snow Man,2026-07-01,53,カリスマックス
2026,Snow Man,Snow Man,2026-07-08,47,カリスマックス
2026,Snow Man,Snow Man,2026-07-15,1,グッタイム
2026,Snow Man,Snow Man,2026-07-15,23,カリスマックス
2026,Snow Man,Snow Man,2026-07-15,94,BANG!!
2026,Snow Man,Snow Man,2026-07-22,19,グッタイム
2026,Snow Man,Snow Man,2026-07-22,26,カリスマックス
2026,Snow Man,Snow Man,2026-07-29,22,グッタイム
2026,Snow Man,Snow Man,2026-07-29,31,カリスマックス
2026,Snow Man,Snow Man,2026-08-05,27,グッタイム
2026,Snow Man,Snow Man,2026-08-05,34,カリスマックス
2026,Snow Man,Snow Man,2026-08-12,35,グッタイム
2026,Snow Man,Snow Man,2026-08-12,40,カリスマックス
2026,Snow Man,Snow Man,2026-08-19,25,グッタイム
2026,Snow Man,Snow Man,2026-08-19,40,カリスマックス
2026,Snow Man,Snow Man,2026-08-26,21,グッタイム
2026,Snow Man,Snow Man,2026-08-26,41,カリスマックス
2026,Snow Man,Snow Man,2026-09-02,17,show time…
2026,Snow Man,Snow Man,2026-09-02,21,グッタイム
2026,Snow Man,Snow Man,2026-09-02,30,GO HARD
2026,Snow Man,Snow Man,2026-09-02,33,奇跡
2026,Snow Man,Snow Man,2026-09-02,34,ALL SUITE
2026,Snow Man,Snow Man,2026-09-02,39,マドラー
2026,Snow Man,Snow Man,2026-09-02,80,オドロウゼ!
2026,Snow Man,Snow Man,2026-09-02,83,BANG!!
2026,Snow Man,Snow Man,2026-09-09,28,グッタイム
2026,Snow Man,Snow Man,2026-09-09,32,show time…
2026,Snow Man,Snow Man,2026-09-16,41,グッタイム
2026,Snow Man,Snow Man,2026-09-16,54,show time…
2026,Snow Man,Snow Man,2026-09-16,86,奇跡
2026,Snow Man,Snow Man,2026-09-23,31,グッタイム
2026,Snow Man,Snow Man,2026-09-23,77,show time…
2026,Snow Man,Snow Man,2026-09-30,53,グッタイム
2026,Snow Man,Snow Man,2026-09-30,60,show time…
2026,King & Prince,King & Prince,2026-01-07,14,Theater
2026,King & Prince,King & Prince,2026-01-07,42,希望の丘
2026,King & Prince,King & Prince,2026-01-14,16,Theater
2026,King & Prince,King & Prince,2026-01-14,73,希望の丘
2026,King & Prince,King & Prince,2026-01-21,19,Theater
2026,King & Prince,King & Prince,2026-01-28,16,Theater
2026,King & Prince,King & Prince,2026-02-04,20,Theater
2026,King & Prince,King & Prince,2026-02-11,26,Theater
2026,King & Prince,King & Prince,2026-02-18,31,Theater
2026,King & Prince,King & Prince,2026-02-25,30,Theater
2026,King & Prince,King & Prince,2026-03-04,35,Theater
2026,King & Prince,King & Prince,2026-03-11,44,Theater
2026,King & Prince,King & Prince,2026-03-18,43,Theater
2026,King & Prince,King & Prince,2026-03-25,58,Theater
2026,King & Prince,King & Prince,2026-04-01,1,Waltz for Lily
2026,King & Prince,King & Prince,2026-04-01,51,Theater
2026,King & Prince,King & Prince,2026-04-08,15,Waltz for Lily
2026,King & Prince,King & Prince,2026-04-08,48,Theater
2026,King & Prince,King & Prince,2026-04-15,57,Theater
2026,King & Prince,King & Prince,2026-04-15,68,Waltz for Lily
2026,King & Prince,King & Prince,2026-04-22,64,Theater
2026,King & Prince,King & Prince,2026-04-22,99,Waltz for Lily
2026,King & Prince,King & Prince,2026-04-29,68,Theater
2026,King & Prince,King & Prince,2026-05-06,70,Theater
2026,King & Prince,King & Prince,2026-05-13,69,Theater
2026,King & Prince,King & Prince,2026-05-20,73,Theater
2026,King & Prince,King & Prince,2026-05-27,76,Theater
2026,King & Prince,King & Prince,2026-06-03,94,Theater
2026,King & Prince,King & Prince,2026-06-17,97,Theater
2026,King & Prince,King & Prince,2026-09-09,6,So Honey
2026,King & Prince,King & Prince,2026-09-09,80,うそだよ すきだよ
2026,King & Prince,King & Prince,2026-09-16,23,So Honey
2026,King & Prince,King & Prince,2026-09-23,43,So Honey
2026,King & Prince,King & Prince,2026-09-30,73,So Honey
2026,嵐,嵐,2026-03-11,1,Five
2026,嵐,嵐,2026-03-11,81,Love so sweet
2026,嵐,嵐,2026-03-18,3,Five
2026,嵐,嵐,2026-03-18,59,Love so sweet
2026,嵐,嵐,2026-03-18,83,Happiness
2026,嵐,嵐,2026-03-18,90,One Love
2026,嵐,嵐,2026-03-25,5,Five
2026,嵐,嵐,2026-03-25,56,Love so sweet
2026,嵐,嵐,2026-03-25,74,Happiness
2026,嵐,嵐,2026-03-25,83,One Love
2026,嵐,嵐,2026-04-01,9,Five
2026,嵐,嵐,2026-04-01,71,Love so sweet
2026,嵐,嵐,2026-04-01,98,Happiness
2026,嵐,嵐,2026-04-08,14,Five
2026,嵐,嵐,2026-04-08,73,Love so sweet
2026,嵐,嵐,2026-04-08,96,Happiness
2026,嵐,嵐,2026-04-15,16,Five
2026,嵐,嵐,2026-04-15,74,Love so sweet
2026,嵐,嵐,2026-04-22,21,Five
2026,嵐,嵐,2026-04-22,74,Love so sweet
2026,嵐,嵐,2026-04-29,18,Five
2026,嵐,嵐,2026-04-29,77,Love so sweet
2026,嵐,嵐,2026-05-06,19,Five
2026,嵐,嵐,2026-05-06,75,Love so sweet
2026,嵐,嵐,2026-05-13,20,Five
2026,嵐,嵐,2026-05-13,72,Love so sweet
2026,嵐,嵐,2026-05-20,20,Five
2026,嵐,嵐,2026-05-20,77,Love so sweet
2026,嵐,嵐,2026-05-27,17,Five
2026,嵐,嵐,2026-05-27,70,Love so sweet
2026,嵐,嵐,2026-06-03,7,Five
2026,嵐,嵐,2026-06-03,27,Love so sweet
2026,嵐,嵐,2026-06-03,36,Happiness
2026,嵐,嵐,2026-06-03,59,One Love
2026,嵐,嵐,2026-06-03,84,Monster
2026,嵐,嵐,2026-06-03,95,A・RA・SHI
2026,嵐,嵐,2026-06-10,2,Five
2026,嵐,嵐,2026-06-10,7,Happiness
2026,嵐,嵐,2026-06-10,9,Love so sweet
2026,嵐,嵐,2026-06-10,12,Monster
2026,嵐,嵐,2026-06-10,13,One Love
2026,嵐,嵐,2026-06-10,14,A・RA・SHI
2026,嵐,嵐,2026-06-10,16,感謝カンゲキ雨嵐
2026,嵐,嵐,2026-06-10,17,Troublemaker
2026,嵐,嵐,2026-06-10,19,GUTS!
2026,嵐,嵐,2026-06-10,23,truth
2026,嵐,嵐,2026-06-10,24,カイト
2026,嵐,嵐,2026-06-10,26,マイガール
2026,嵐,嵐,2026-06-10,28,ワイルド アット ハート
2026,嵐,嵐,2026-06-10,29,言葉より大切なもの
2026,嵐,嵐,2026-06-10,32,Love Rainbow
2026,嵐,嵐,2026-06-10,34,迷宮ラブソング
2026,嵐,嵐,2026-06-10,36,Believe
2026,嵐,嵐,2026-06-10,43,サクラ咲ケ
2026,嵐,嵐,2026-06-10,46,果てない空
2026,嵐,嵐,2026-06-10,56,Oh Yeah!
2026,嵐,嵐,2026-06-10,83,PIKA☆☆NCHI DOUBLE
2026,嵐,嵐,2026-06-10,88,ハダシの未来
2026,嵐,嵐,2026-06-10,91,Still...
2026,嵐,嵐,2026-06-10,97,WISH
2026,嵐,嵐,2026-06-17,3,Five
2026,嵐,嵐,2026-06-17,9,Love so sweet
2026,嵐,嵐,2026-06-17,10,Happiness
2026,嵐,嵐,2026-06-17,12,Monster
2026,嵐,嵐,2026-06-17,15,One Love
2026,嵐,嵐,2026-06-17,18,A・RA・SHI
2026,嵐,嵐,2026-06-17,21,GUTS!
2026,嵐,嵐,2026-06-17,24,Troublemaker
2026,嵐,嵐,2026-06-17,25,感謝カンゲキ雨嵐
2026,嵐,嵐,2026-06-17,33,truth
2026,嵐,嵐,2026-06-17,35,カイト
2026,嵐,嵐,2026-06-17,36,ワイルド アット ハート
2026,嵐,嵐,2026-06-17,38,マイガール
2026,嵐,嵐,2026-06-17,43,迷宮ラブソング
2026,嵐,嵐,2026-06-17,49,Believe
2026,嵐,嵐,2026-06-17,52,言葉より大切なもの
2026,嵐,嵐,2026-06-17,62,Love Rainbow
2026,嵐,嵐,2026-06-17,73,サクラ咲ケ
2026,嵐,嵐,2026-06-17,86,果てない空
2026,嵐,嵐,2026-06-24,8,Five
2026,嵐,嵐,2026-06-24,15,Love so sweet
2026,嵐,嵐,2026-06-24,18,Happiness
2026,嵐,嵐,2026-06-24,25,Monster
2026,嵐,嵐,2026-06-24,26,One Love
2026,嵐,嵐,2026-06-24,36,A・RA・SHI
2026,嵐,嵐,2026-06-24,40,GUTS!
2026,嵐,嵐,2026-06-24,41,Troublemaker
2026,嵐,嵐,2026-06-24,58,感謝カンゲキ雨嵐
2026,嵐,嵐,2026-06-24,65,カイト
2026,嵐,嵐,2026-06-24,68,truth
2026,嵐,嵐,2026-06-24,80,ワイルド アット ハート
2026,嵐,嵐,2026-06-24,97,マイガール
2026,嵐,嵐,2026-07-01,10,Five
2026,嵐,嵐,2026-07-01,16,Love so sweet
2026,嵐,嵐,2026-07-01,23,Happiness
2026,嵐,嵐,2026-07-01,30,One Love
2026,嵐,嵐,2026-07-01,37,Monster
2026,嵐,嵐,2026-07-01,63,A・RA・SHI
2026,嵐,嵐,2026-07-01,83,GUTS!
2026,嵐,嵐,2026-07-08,9,Five
2026,嵐,嵐,2026-07-08,21,Love so sweet
2026,嵐,嵐,2026-07-08,32,Happiness
2026,嵐,嵐,2026-07-08,34,One Love
2026,嵐,嵐,2026-07-08,62,Monster
2026,嵐,嵐,2026-07-15,18,Five
2026,嵐,嵐,2026-07-15,29,Love so sweet
2026,嵐,嵐,2026-07-15,40,Happiness
2026,嵐,嵐,2026-07-15,48,One Love
2026,嵐,嵐,2026-07-15,78,Monster
2026,嵐,嵐,2026-07-22,22,Five
2026,嵐,嵐,2026-07-22,41,Love so sweet
2026,嵐,嵐,2026-07-22,68,Happiness
2026,嵐,嵐,2026-07-22,91,One Love
2026,嵐,嵐,2026-07-29,26,Five
2026,嵐,嵐,2026-07-29,46,Love so sweet
2026,嵐,嵐,2026-07-29,71,Happiness
2026,嵐,嵐,2026-07-29,99,One Love
2026,嵐,嵐,2026-08-05,30,Five
2026,嵐,嵐,2026-08-05,57,Love so sweet
2026,嵐,嵐,2026-08-05,95,Happiness
2026,嵐,嵐,2026-08-12,32,Five
2026,嵐,嵐,2026-08-12,62,Love so sweet
2026,嵐,嵐,2026-08-19,34,Five
2026,嵐,嵐,2026-08-19,60,Love so sweet
2026,嵐,嵐,2026-08-19,99,Happiness
2026,嵐,嵐,2026-08-26,34,Five
2026,嵐,嵐,2026-08-26,60,Love so sweet
2026,嵐,嵐,2026-09-02,36,Five
2026,嵐,嵐,2026-09-02,67,Love so sweet
2026,嵐,嵐,2026-09-09,33,Five
2026,嵐,嵐,2026-09-09,61,Love so sweet
2026,嵐,嵐,2026-09-16,30,Five
2026,嵐,嵐,2026-09-16,63,Love so sweet
2026,嵐,嵐,2026-09-23,28,Five
2026,嵐,嵐,2026-09-23,63,Love so sweet
2026,嵐,嵐,2026-09-23,92,Happiness
2026,嵐,嵐,2026-09-30,28,Five
2026,嵐,嵐,2026-09-30,87,Happiness
2026,ONE OR EIGHT,ONE OR EIGHT,2026-08-05,37,YANKEE SQUAT
2026,&TEAM,&TEAM,2026-04-22,43,We on Fire
2026,&TEAM,&TEAM,2026-04-29,51,We on Fire
2026,&TEAM,&TEAM,2026-09-16,25,Mark on Me
2026,Number_i,Number_i,2026-01-07,73,LAVALAVA
2026,Number_i,Number_i,2026-01-07,81,GOD_i
2026,Number_i,Number_i,2026-01-14,67,LAVALAVA
2026,Number_i,Number_i,2026-01-14,94,GOD_i
2026,Number_i,Number_i,2026-01-21,83,LAVALAVA
2026,Number_i,Number_i,2026-01-21,100,GOD_i
2026,Number_i,Number_i,2026-01-28,87,LAVALAVA
2026,Number_i,Number_i,2026-02-04,1,3XL
2026,Number_i,Number_i,2026-02-04,69,LAVALAVA
2026,Number_i,Number_i,2026-02-04,73,GOD_i
2026,Number_i,Number_i,2026-02-11,9,3XL
2026,Number_i,Number_i,2026-02-11,76,GOD_i
2026,Number_i,Number_i,2026-02-11,84,LAVALAVA
2026,Number_i,Number_i,2026-02-18,16,3XL
2026,Number_i,Number_i,2026-02-18,80,GOD_i
2026,Number_i,Number_i,2026-02-18,97,LAVALAVA
2026,Number_i,Number_i,2026-02-25,25,3XL
2026,Number_i,Number_i,2026-02-25,93,GOD_i
2026,Number_i,Number_i,2026-03-04,30,3XL
2026,Number_i,Number_i,2026-03-04,88,GOD_i
2026,Number_i,Number_i,2026-03-11,28,3XL
2026,Number_i,Number_i,2026-03-18,26,3XL
2026,Number_i,Number_i,2026-03-25,37,3XL
2026,Number_i,Number_i,2026-04-01,38,3XL
2026,Number_i,Number_i,2026-04-08,34,3XL
2026,Number_i,Number_i,2026-04-15,39,3XL
2026,Number_i,Number_i,2026-04-22,40,3XL
2026,Number_i,Number_i,2026-04-29,42,3XL
2026,Number_i,Number_i,2026-05-06,1,3XL
2026,Number_i,Number_i,2026-05-06,43,インフル
2026,Number_i,Number_i,2026-05-06,50,Supa Bro
2026,Number_i,Number_i,2026-05-06,57,サイケSHOCK
2026,Number_i,Number_i,2026-05-06,64,LAVALAVA
2026,Number_i,Number_i,2026-05-13,16,3XL
2026,Number_i,Number_i,2026-05-13,99,Supa Bro
2026,Number_i,Number_i,2026-05-20,19,3XL
2026,Number_i,Number_i,2026-05-27,15,3XL
2026,Number_i,Number_i,2026-06-03,17,3XL
2026,Number_i,Number_i,2026-06-10,41,3XL
2026,Number_i,Number_i,2026-06-17,27,3XL
2026,Number_i,Number_i,2026-06-24,34,3XL
2026,Number_i,Number_i,2026-07-01,39,3XL
2026,Number_i,Number_i,2026-07-08,40,3XL
2026,Number_i,Number_i,2026-07-15,27,3XL
2026,Number_i,Number_i,2026-07-22,1,BUGS LIFE
2026,Number_i,Number_i,2026-07-22,72,3XL
2026,Number_i,Number_i,2026-07-29,18,BUGS LIFE
2026,Number_i,Number_i,2026-07-29,86,3XL
2026,Number_i,Number_i,2026-08-05,23,BUGS LIFE
2026,Number_i,Number_i,2026-08-05,79,3XL
2026,Number_i,Number_i,2026-08-12,29,BUGS LIFE
2026,Number_i,Number_i,2026-08-12,74,3XL
2026,Number_i,Number_i,2026-08-19,35,BUGS LIFE
2026,Number_i,Number_i,2026-08-26,38,BUGS LIFE
2026,Number_i,Number_i,2026-08-26,88,3XL
2026,Number_i,Number_i,2026-09-02,43,BUGS LIFE
2026,Number_i,Number_i,2026-09-02,99,3XL
2026,Number_i,Number_i,2026-09-09,17,3XL
2026,Number_i,Number_i,2026-09-09,38,BUGS LIFE
2026,Number_i,Number_i,2026-09-16,39,BUGS LIFE
2026,Number_i,Number_i,2026-09-16,80,3XL
2026,Number_i,Number_i,2026-09-23,41,BUGS LIFE
2026,Number_i,Number_i,2026-09-30,1,REBON
2026,Number_i,Number_i,2026-09-30,2,DIGITAL GIRL
2026,Number_i,Number_i,2026-09-30,25,BUGS LIFE
2026,NCT WISH,NCT WISH,2026-01-21,94,Hello Mellow
2026,NCT WISH,NCT WISH,2026-07-01,19,BOY MEETS GIRL
2026,NCT WISH,NCT WISH,2026-07-15,83,BOY MEETS GIRL
2026,NCT WISH,NCT WISH,2026-07-22,3,YO-I-DON!
2026,NCT WISH,NCT WISH,2026-07-22,76,BOY MEETS GIRL
2026,NCT WISH,NCT WISH,2026-07-29,21,YO-I-DON!
2026,NCT WISH,NCT WISH,2026-07-29,65,BOY MEETS GIRL
2026,NCT WISH,NCT WISH,2026-08-05,25,YO-I-DON!
2026,NCT WISH,NCT WISH,2026-08-12,54,YO-I-DON!
2026,NCT WISH,NCT WISH,2026-08-19,23,YO-I-DON!
2026,NCT WISH,NCT WISH,2026-09-02,11,YO-I-DON!
2026,SixTONES,SixTONES,2026-01-28,100,こっから
2026,SixTONES,SixTONES,2026-02-25,39,一秒
2026,SixTONES,SixTONES,2026-03-04,48,一秒
2026,SixTONES,SixTONES,2026-03-11,90,一秒
2026,SixTONES,SixTONES,2026-03-25,2,一秒
2026,SixTONES,SixTONES,2026-03-25,55,Rebellion
2026,SixTONES,SixTONES,2026-04-01,27,一秒
2026,SixTONES,SixTONES,2026-06-17,59,Flower Cloud
2026,SixTONES,SixTONES,2026-07-01,9,Dance Forever
2026,SixTONES,SixTONES,2026-07-08,79,Dance Forever
2026,SixTONES,SixTONES,2026-07-22,10,マイオンリー
2026,SixTONES,SixTONES,2026-07-22,56,Dance Forever
2026,SixTONES,SixTONES,2026-07-29,23,マイオンリー
2026,SixTONES,SixTONES,2026-07-29,83,Dance Forever
2026,SixTONES,SixTONES,2026-08-05,29,マイオンリー
2026,SixTONES,SixTONES,2026-08-12,21,マイオンリー
2026,SixTONES,SixTONES,2026-08-19,27,マイオンリー
2026,SixTONES,SixTONES,2026-08-26,15,マイオンリー
2026,SixTONES,SixTONES,2026-09-02,24,マイオンリー
2026,SixTONES,SixTONES,2026-09-09,22,マイオンリー
2026,SixTONES,SixTONES,2026-09-16,2,Dance Forever
2026,SixTONES,SixTONES,2026-09-16,12,マイオンリー
2026,SixTONES,SixTONES,2026-09-23,8,マイオンリー
2026,SixTONES,SixTONES,2026-09-23,12,Dance Forever
2026,SixTONES,SixTONES,2026-09-30,9,マイオンリー
2026,SixTONES,SixTONES,2026-09-30,58,Dance Forever
2026,timelesz,timelesz,2026-08-05,1,消えない花火
2026,timelesz,timelesz,2026-08-12,22,消えない花火
2026,timelesz,timelesz,2026-08-19,64,消えない花火
2026,timelesz,timelesz,2026-08-26,83,消えない花火
2026,timelesz,timelesz,2026-09-30,84,消えない花火
2026,NEWS,NEWS,2026-01-07,80,チャンカパーナ
2026,NEWS,NEWS,2026-01-14,97,チャンカパーナ
2026,NEWS,NEWS,2026-02-04,99,チャンカパーナ
2026,NEWS,NEWS,2026-05-27,38,KMK
2026,MAZZEL,MAZZEL,2026-02-11,16,BANQUET BANG
2026,MAZZEL,MAZZEL,2026-02-18,20,BANQUET BANG
2026,MAZZEL,MAZZEL,2026-02-25,94,BANQUET BANG
2026,MAZZEL,MAZZEL,2026-04-01,11,Get Up And Dance
2026,MAZZEL,MAZZEL,2026-04-08,49,Get Up And Dance
2026,MAZZEL,MAZZEL,2026-04-15,54,Get Up And Dance
2026,MAZZEL,MAZZEL,2026-04-22,66,Get Up And Dance
2026,MAZZEL,MAZZEL,2026-04-29,81,Get Up And Dance
2026,MAZZEL,MAZZEL,2026-07-01,7,So Strawberry
2026,MAZZEL,MAZZEL,2026-07-08,19,So Strawberry
2026,MAZZEL,MAZZEL,2026-07-15,14,So Strawberry
2026,MAZZEL,MAZZEL,2026-07-22,51,So Strawberry
2026,MAZZEL,MAZZEL,2026-07-29,72,So Strawberry
2026,MAZZEL,MAZZEL,2026-08-05,99,So Strawberry
2026,なにわ男子,なにわ男子,2026-02-25,2,HARD WORK
2026,なにわ男子,なにわ男子,2026-03-04,59,HARD WORK
2026,STARGLOW,STARGLOW,2026-01-28,3,Star Wish
2026,STARGLOW,STARGLOW,2026-02-04,43,Star Wish
2026,STARGLOW,STARGLOW,2026-02-11,36,Star Wish
2026,STARGLOW,STARGLOW,2026-02-18,61,Star Wish
2026,STARGLOW,STARGLOW,2026-02-25,69,Star Wish
2026,STARGLOW,STARGLOW,2026-03-04,92,Star Wish
2026,STARGLOW,STARGLOW,2026-04-08,2,USOTSUKI
2026,STARGLOW,STARGLOW,2026-04-15,37,USOTSUKI
2026,STARGLOW,STARGLOW,2026-04-22,83,USOTSUKI
2026,STARGLOW,STARGLOW,2026-06-03,92,Good Boys Anthem
2026,STARGLOW,STARGLOW,2026-07-29,5,Drivin' My Life
2026,Travis Japan,Travis Japan,2026-02-25,9,陰ニモ日向ニモ
2026,Travis Japan,Travis Japan,2026-03-04,90,陰ニモ日向ニモ
2026,Travis Japan,Travis Japan,2026-04-22,1,陰ニモ日向ニモ
2026,Travis Japan,Travis Japan,2026-04-22,54,As We Are
2026,Travis Japan,Travis Japan,2026-04-29,54,陰ニモ日向ニモ
2026,Travis Japan,Travis Japan,2026-08-12,18,On My Road
2026,JO1,JO1,2026-03-18,81,Breezy Love
2026,JO1,JO1,2026-03-25,48,Breezy Love
2026,JO1,JO1,2026-04-08,32,EIEN
2026,JO1,JO1,2026-04-15,95,EIEN
2026,JO1,JO1,2026-08-05,45,WHATCHA DOIN
2026,JO1,JO1,2026-08-12,60,WHATCHA DOIN
2026,JO1,JO1,2026-08-19,87,SAKURA
2026,JO1,JO1,2026-09-02,75,WHATCHA DOIN
2026,JO1,JO1,2026-09-09,70,WHATCHA DOIN
2026,JO1,JO1,2026-09-16,17,IGNITE
2026,JO1,JO1,2026-09-23,22,IGNITE
2026,JO1,JO1,2026-09-30,46,IGNITE
2026,Kis-My-Ft2,Kis-My-Ft2,2026-01-07,2,&Joy
2026,Kis-My-Ft2,Kis-My-Ft2,2026-01-14,40,&Joy
2026,Kis-My-Ft2,Kis-My-Ft2,2026-02-18,44,UNISON
2026,Kis-My-Ft2,Kis-My-Ft2,2026-04-15,48,HEARTLOUD
2026,Kis-My-Ft2,Kis-My-Ft2,2026-06-03,71,Couture
2026,Kis-My-Ft2,Kis-My-Ft2,2026-07-08,20,My Affection
2026,Kis-My-Ft2,Kis-My-Ft2,2026-08-19,100,FIRE BEAT
2026,INI,INI,2026-04-08,89,All 4 U
2026,INI,INI,2026-04-15,61,All 4 U
2026,INI,INI,2026-04-22,62,All 4 U
2026,INI,INI,2026-04-29,1,All 4 U
2026,INI,INI,2026-05-06,46,All 4 U
2026,INI,INI,2026-09-09,91,You Know What To Do
2026,INI,INI,2026-09-23,1,You Know What To Do
2026,INI,INI,2026-09-30,31,You Know What To Do
2026,FANTASTICS from EXILE TRIBE,FANTASTICS from EXILE TRIBE,2026-06-24,20,SUNFLOWER
2026,WEST.,WEST.,2026-01-28,5,愛執
2026,THE RAMPAGE from EXILE TRIBE,THE RAMPAGE from EXILE TRIBE,2026-01-28,20,BREAK IT DOWN
2026,THE RAMPAGE from EXILE TRIBE,THE RAMPAGE from EXILE TRIBE,2026-02-04,86,BREAK IT DOWN
2026,THE RAMPAGE from EXILE TRIBE,THE RAMPAGE from EXILE TRIBE,2026-05-27,9,BLACK TOKYO
2026,THE RAMPAGE from EXILE TRIBE,THE RAMPAGE from EXILE TRIBE,2026-06-03,63,BLACK TOKYO
2026,DXTEEN,DXTEEN,2026-07-29,3,Wanna
2026,原因は自分にある。,原因は自分にある。,2026-01-28,59,NOW
2026,原因は自分にある。,原因は自分にある。,2026-02-04,54,NOW
2026,原因は自分にある。,原因は自分にある。,2026-02-11,48,NOW
2026,原因は自分にある。,原因は自分にある。,2026-02-18,82,NOW
2026,原因は自分にある。,原因は自分にある。,2026-03-11,45,ニヒリズムプリズム
2026,原因は自分にある。,原因は自分にある。,2026-03-18,30,ニヒリズムプリズム
2026,原因は自分にある。,原因は自分にある。,2026-03-25,53,ニヒリズムプリズム
2026,原因は自分にある。,原因は自分にある。,2026-04-01,52,ニヒリズムプリズム
2026,原因は自分にある。,原因は自分にある。,2026-04-08,95,ニヒリズムプリズム
2026,超特急,超特急,2026-05-20,1,ガチ夢中!
2026,超特急,超特急,2026-05-27,80,ガチ夢中!
2026,IMP.,IMP.,2026-04-22,2,INVADER
2026,LIL LEAGUE from EXILE TRIBE,LIL LEAGUE from EXILE TRIBE,2026-09-02,15,僕を探してた
2026,DOMOTO,KinKi Kids,2026-01-07,57,愛のかたまり
2026,DOMOTO,KinKi Kids,2026-01-14,59,愛のかたまり
2026,DOMOTO,KinKi Kids,2026-01-21,68,愛のかたまり
2026,DOMOTO,KinKi Kids,2026-01-28,76,愛のかたまり
2026,DOMOTO,KinKi Kids,2026-02-04,76,愛のかたまり
2026,DOMOTO,KinKi Kids,2026-02-11,73,愛のかたまり
2026,DOMOTO,KinKi Kids,2026-02-18,78,愛のかたまり
2026,DOMOTO,KinKi Kids,2026-02-25,88,愛のかたまり
2026,DOMOTO,KinKi Kids,2026-03-04,93,愛のかたまり
2026,DOMOTO,KinKi Kids,2026-03-18,96,愛のかたまり
2026,DOMOTO,KinKi Kids,2026-04-29,100,愛のかたまり
2026,DOMOTO,DOMOTO,2026-05-13,3,またね
2026,DOMOTO,KinKi Kids,2026-05-27,99,愛のかたまり
2026,DOMOTO,KinKi Kids,2026-06-03,99,愛のかたまり
2026,DOMOTO,KinKi Kids,2026-06-17,100,愛のかたまり
2026,DOMOTO,KinKi Kids,2026-07-22,98,愛のかたまり
2026,DOMOTO,KinKi Kids,2026-07-29,97,愛のかたまり
2026,DOMOTO,KinKi Kids,2026-09-09,99,愛のかたまり
2026,DOMOTO,KinKi Kids,2026-09-16,94,愛のかたまり
2026,DOMOTO,KinKi Kids,2026-09-30,97,愛のかたまり
2026,BUDDiiS,BUDDiiS,2026-02-25,57,#KISSYOU
2026,BUDDiiS,BUDDiiS,2026-03-04,71,#KISSYOU
2026,BUDDiiS,BUDDiiS,2026-03-11,91,#KISSYOU
2026,BUDDiiS,BUDDiiS,2026-07-01,36,キミは都市伝説
2026,BUDDiiS,BUDDiiS,2026-07-08,31,キミは都市伝説
2026,BUDDiiS,BUDDiiS,2026-07-15,2,キミは都市伝説
2026,BUDDiiS,BUDDiiS,2026-07-22,55,キミは都市伝説
2026,BUDDiiS,BUDDiiS,2026-07-29,59,キミは都市伝説
2026,BUDDiiS,BUDDiiS,2026-08-05,82,キミは都市伝説
2026,BUDDiiS,BUDDiiS,2026-08-12,75,キミは都市伝説
2026,BUDDiiS,BUDDiiS,2026-08-19,20,キミは都市伝説
2026,ONE N' ONLY,ONE N' ONLY,2026-04-22,51,WARAiNA
2026,ONE N' ONLY,ONE N' ONLY,2026-04-29,58,WARAiNA
2026,ONE N' ONLY,ONE N' ONLY,2026-05-06,3,WARAiNA
2026,ONE N' ONLY,ONE N' ONLY,2026-05-13,26,WARAiNA
2026,ONE N' ONLY,ONE N' ONLY,2026-05-13,67,Samba de Night Fever
2026,ONE N' ONLY,ONE N' ONLY,2026-05-20,67,Samba de Night Fever
2026,SUPER★DRAGON,SUPER★DRAGON,2026-01-14,95,Break off
2026,SUPER★DRAGON,SUPER★DRAGON,2026-03-11,6,Break off
2026,SUPER★DRAGON,SUPER★DRAGON,2026-03-18,65,Break off
2026,SUPER★DRAGON,SUPER★DRAGON,2026-07-22,6,Call Me Asap
2026,SUPER★DRAGON,SUPER★DRAGON,2026-08-05,56,Call Me Asap
2026,ICEx,ICEx,2026-06-24,51,プン☆ジェラ
2026,ICEx,ICEx,2026-07-01,80,プン☆ジェラ
2026,ICEx,ICEx,2026-07-08,35,プン☆ジェラ
2026,ICEx,ICEx,2026-09-30,100,LOVEだね
2026,Lienel,Lienel,2026-06-10,3,メロ・コレクション
2026,Lienel,Lienel,2026-06-17,67,メロ・コレクション
2026,Lienel,Lienel,2026-06-24,52,メロ・コレクション
2026,Lienel,Lienel,2026-07-01,89,メロ・コレクション
2026,OCTPATH,OCTPATH,2026-04-22,8,Steppin'!!!
2026,OCTPATH,OCTPATH,2026-08-05,6,なつめき
2026,OWV,OWV,2026-04-15,3,ROCKET MODE
2026,TAGRIGHT,TAGRIGHT,2026-07-22,7,ZERO
2026,TAGRIGHT,TAGRIGHT,2026-08-12,99,ZERO
2026,Aぇ! group,Aぇ! group,2026-05-20,6,でこぼこライフ
2026,Aぇ! group,Aぇ! group,2026-06-24,2,でこぼこライフ
2026,Aぇ! group,Aぇ! group,2026-07-01,56,でこぼこライフ
2026,aoen,aoen,2026-03-25,8,秒で落ちた
2026,aoen,aoen,2026-07-29,7,ハジマリCOLOR
2026,ROIROM,ROIROM,2026-05-13,80,CLASSIC WAVE
2026,ROIROM,ROIROM,2026-05-20,84,CLASSIC WAVE
2026,ROIROM,ROIROM,2026-06-17,60,CLASSIC WAVE
2026,ROIROM,ROIROM,2026-07-29,93,GHOST HOUSE
2026,VIBY,VIBY,2026-06-24,50,HANAMARU
2026,VIBY,VIBY,2026-07-01,12,HANAMARU
2026,VIBY,VIBY,2026-07-08,93,HANAMARU
2026,KO1KEYZ,KO1KEYZ,2026-08-26,14,KO1KEYZ
2026,KO1KEYZ,KO1KEYZ,2026-09-02,62,KO1KEYZ
2026,CLASS SEVEN,CLASS SEVEN,2026-04-15,9,心にキスをした
2026,CLASS SEVEN,CLASS SEVEN,2026-08-05,7,アイノーヒーロー
