rank_2026,artist,2024_chart_entries,2025_chart_entries,2026_chart_entries,2025_vs_2024_change,2025_vs_2024_rate,2026_vs_2025_change,2026_vs_2025_rate,2024_matched_credits,2025_matched_credits,2026_matched_credits,2024_weeks,2025_weeks,2026_weeks
1,M!LK,13,26,171,13,+100.0%,145,+557.7%,M!LK: 13回,M!LK: 26回,M!LK: 171回,52,53,39
2,嵐,0,4,138,4,新規,134,+3350.0%,,嵐: 4回,嵐: 138回,52,53,39
3,Snow Man,15,47,86,32,+213.3%,39,+83.0%,Snow Man: 15回,Snow Man: 47回,Snow Man: 86回,52,53,39
4,Number_i,124,115,65,-9,-7.3%,-50,-43.5%,Number_i: 124回,Number_i: 115回,Number_i: 65回,52,53,39
5,BE:FIRST,28,95,57,67,+239.3%,-38,-40.0%,BE:FIRST: 28回,BE:FIRST: 95回,BE:FIRST: 57回,52,53,39
6,King & Prince,9,18,34,9,+100.0%,16,+88.9%,King & Prince: 9回,King & Prince: 18回,King & Prince: 34回,52,53,39
7,SixTONES,5,11,26,6,+120.0%,15,+136.4%,SixTONES: 5回,SixTONES: 11回,SixTONES: 26回,52,53,39
8,DOMOTO,1,35,20,34,+3400.0%,-15,-42.9%,KinKi Kids: 1回,KinKi Kids: 33回 / DOMOTO: 2回,KinKi Kids: 19回 / DOMOTO: 1回,52,53,39
9,MAZZEL,7,13,14,6,+85.7%,1,+7.7%,MAZZEL: 7回,MAZZEL: 13回,MAZZEL: 14回,52,53,39
10,JO1,24,31,12,7,+29.2%,-19,-61.3%,JO1: 24回,JO1: 31回,JO1: 12回,52,53,39
11,BUDDiiS,8,12,11,4,+50.0%,-1,-8.3%,BUDDiiS: 8回,BUDDiiS: 12回,BUDDiiS: 11回,52,53,39
11,STARGLOW,0,4,11,4,新規,7,+175.0%,,STARGLOW: 4回,STARGLOW: 11回,52,53,39
11,NCT WISH,3,0,11,-3,-100.0%,11,新規,NCT WISH: 3回,,NCT WISH: 11回,52,53,39
14,原因は自分にある。,23,15,9,-8,-34.8%,-6,-40.0%,原因は自分にある。: 23回,原因は自分にある。: 15回,原因は自分にある。: 9回,52,53,39
15,INI,13,12,8,-1,-7.7%,-4,-33.3%,INI: 13回,INI: 12回,INI: 8回,52,53,39
16,Kis-My-Ft2,1,1,7,0,+0.0%,6,+600.0%,Kis-My-Ft2: 1回,Kis-My-Ft2: 1回,Kis-My-Ft2: 7回,52,53,39
16,モナキ,0,0,7,0,—,7,新規,,,モナキ: 7回,52,53,39
18,ONE N' ONLY,5,13,6,8,+160.0%,-7,-53.8%,ONE N' ONLY: 5回,ONE N' ONLY: 13回,ONE N' ONLY: 6回,52,53,39
18,Travis Japan,9,9,6,0,+0.0%,-3,-33.3%,Travis Japan: 9回,Travis Japan: 9回,Travis Japan: 6回,52,53,39
20,timelesz,2,26,5,24,+1200.0%,-21,-80.8%,Sexy Zone: 1回 / timelesz: 1回,timelesz: 16回 / Sexy Zone: 10回,timelesz: 5回,52,53,39
20,SUPER★DRAGON,2,3,5,1,+50.0%,2,+66.7%,SUPER★DRAGON: 2回,SUPER★DRAGON: 3回,SUPER★DRAGON: 5回,52,53,39
22,NEWS,15,19,4,4,+26.7%,-15,-78.9%,NEWS: 15回,NEWS: 19回,NEWS: 4回,52,53,39
22,THE RAMPAGE from EXILE TRIBE,21,8,4,-13,-61.9%,-4,-50.0%,THE RAMPAGE from EXILE TRIBE: 21回,THE RAMPAGE from EXILE TRIBE: 8回,THE RAMPAGE from EXILE TRIBE: 4回,52,53,39
22,ICEx,2,5,4,3,+150.0%,-1,-20.0%,ICEx: 2回,ICEx: 5回,ICEx: 4回,52,53,39
22,Lienel,2,4,4,2,+100.0%,0,+0.0%,Lienel: 2回,Lienel: 4回,Lienel: 4回,52,53,39
22,ROIROM,0,1,4,1,新規,3,+300.0%,,ROIROM: 1回,ROIROM: 4回,52,53,39
27,&TEAM,7,10,3,3,+42.9%,-7,-70.0%,&TEAM: 7回,&TEAM: 10回,&TEAM: 3回,52,53,39
27,Aぇ! group,3,2,3,-1,-33.3%,1,+50.0%,Aぇ! group: 3回,Aぇ! group: 2回,Aぇ! group: 3回,52,53,39
27,VIBY,0,0,3,0,—,3,新規,,,VIBY: 3回,52,53,39
30,超特急,10,14,2,4,+40.0%,-12,-85.7%,超特急: 10回,超特急: 14回,超特急: 2回,52,53,39
30,なにわ男子,4,6,2,2,+50.0%,-4,-66.7%,なにわ男子: 4回,なにわ男子: 6回,なにわ男子: 2回,52,53,39
30,OCTPATH,2,2,2,0,+0.0%,0,+0.0%,OCTPATH: 2回,OCTPATH: 2回,OCTPATH: 2回,52,53,39
30,aoen,0,1,2,1,新規,1,+100.0%,,aoen: 1回,aoen: 2回,52,53,39
30,CLASS SEVEN,0,1,2,1,新規,1,+100.0%,,CLASS SEVEN: 1回,CLASS SEVEN: 2回,52,53,39
30,TAGRIGHT,0,0,2,0,—,2,新規,,,TAGRIGHT: 2回,52,53,39
30,KO1KEYZ,0,0,2,0,—,2,新規,,,KO1KEYZ: 2回,52,53,39
37,IMP.,5,3,1,-2,-40.0%,-2,-66.7%,IMP.: 5回,IMP.: 3回,IMP.: 1回,52,53,39
37,FANTASTICS from EXILE TRIBE,2,3,1,1,+50.0%,-2,-66.7%,FANTASTICS from EXILE TRIBE: 2回,FANTASTICS from EXILE TRIBE: 3回,FANTASTICS from EXILE TRIBE: 1回,52,53,39
37,ONE OR EIGHT,2,2,1,0,+0.0%,-1,-50.0%,ONE OR EIGHT: 2回,ONE OR EIGHT: 2回,ONE OR EIGHT: 1回,52,53,39
37,DXTEEN,2,2,1,0,+0.0%,-1,-50.0%,DXTEEN: 2回,DXTEEN: 2回,DXTEEN: 1回,52,53,39
37,LIL LEAGUE from EXILE TRIBE,1,2,1,1,+100.0%,-1,-50.0%,LIL LEAGUE from EXILE TRIBE: 1回,LIL LEAGUE from EXILE TRIBE: 2回,LIL LEAGUE from EXILE TRIBE: 1回,52,53,39
37,WEST.,4,1,1,-3,-75.0%,0,+0.0%,WEST.: 4回,WEST.: 1回,WEST.: 1回,52,53,39
37,OWV,3,1,1,-2,-66.7%,0,+0.0%,OWV: 3回,OWV: 1回,OWV: 1回,52,53,39
44,Da-iCE,43,38,0,-5,-11.6%,-38,-100.0%,Da-iCE: 43回,Da-iCE: 38回,,52,53,39
44,三代目 J SOUL BROTHERS from EXILE TRIBE,1,1,0,0,+0.0%,-1,-100.0%,三代目 J SOUL BROTHERS from EXILE TRIBE: 1回,三代目 J SOUL BROTHERS from EXILE TRIBE: 1回,,52,53,39
44,純烈,0,1,0,1,新規,-1,-100.0%,,純烈: 1回,,52,53,39
44,EXILE,0,1,0,1,新規,-1,-100.0%,,EXILE: 1回,,52,53,39
44,THE SUPER FRUIT,0,1,0,1,新規,-1,-100.0%,,THE SUPER FRUIT: 1回,,52,53,39
44,20th Century,0,1,0,1,新規,-1,-100.0%,,20th Century: 1回,,52,53,39
44,DA PUMP,2,0,0,-2,-100.0%,0,—,DA PUMP: 2回,,,52,53,39
44,A.B.C-Z,2,0,0,-2,-100.0%,0,—,A.B.C-Z: 2回,,,52,53,39
44,BALLISTIK BOYZ from EXILE TRIBE,2,0,0,-2,-100.0%,0,—,BALLISTIK BOYZ from EXILE TRIBE: 2回,,,52,53,39
44,ORβIT,1,0,0,-1,-100.0%,0,—,ORβIT: 1回,,,52,53,39
44,Hey! Say! JUMP,0,0,0,0,—,0,—,,,,52,53,39
44,NEXZ,0,0,0,0,—,0,—,,,,52,53,39
44,GENERATIONS from EXILE TRIBE,0,0,0,0,—,0,—,,,,52,53,39
44,SUPER EIGHT,0,0,0,0,—,0,—,,,,52,53,39
44,PSYCHIC FEVER from EXILE TRIBE,0,0,0,0,—,0,—,,,,52,53,39
44,龍宮城,0,0,0,0,—,0,—,,,,52,53,39
44,w-inds.,0,0,0,0,—,0,—,,,,52,53,39
44,KID PHENOMENON from EXILE TRIBE,0,0,0,0,—,0,—,,,,52,53,39
44,THE JET BOY BANGERZ from EXILE TRIBE,0,0,0,0,—,0,—,,,,52,53,39
44,WOLF HOWL HARMONY from EXILE TRIBE,0,0,0,0,—,0,—,,,,52,53,39
44,Sakurashimeji,0,0,0,0,—,0,—,,,,52,53,39
44,WILD BLUE,0,0,0,0,—,0,—,,,,52,53,39
44,EXILE THE SECOND,0,0,0,0,—,0,—,,,,52,53,39
44,WATWING,0,0,0,0,—,0,—,,,,52,53,39
44,ENJIN,0,0,0,0,—,0,—,,,,52,53,39
44,UNiFY,0,0,0,0,—,0,—,,,,52,53,39
44,TOKIO,0,0,0,0,—,0,—,,,,52,53,39
44,7ORDER,0,0,0,0,—,0,—,,,,52,53,39
44,VOKSY DAYS,0,0,0,0,—,0,—,,,,52,53,39
44,Cloud ten,0,0,0,0,—,0,—,,,,52,53,39
44,iiONDO,0,0,0,0,—,0,—,,,,52,53,39
44,ふぉ～ゆ～,0,0,0,0,—,0,—,,,,52,53,39
44,KEY TO LIT,0,0,0,0,—,0,—,,,,52,53,39
44,ACEes,0,0,0,0,—,0,—,,,,52,53,39
44,B&ZAI,0,0,0,0,—,0,—,,,,52,53,39
